1789665513	wizinfo	60	Killuminati@unifi.localdomain has connected.
1789665513	wizinfo	70	Killuminati has entered the game.
1789665523	wizinfo	60	Misery@localhost has connected.
1789665524	wizinfo	54	Misery has entered the game.
1789666317	wizinfo	60	Killuminati@unifi.localdomain has connected.
1789666318	wizinfo	70	Killuminati has entered the game.
1789666519	wizinfo	70	Killuminati has lost his link.
1789666519	wizinfo	70	Killuminati has reconnected.
1789667068	wizinfo	70	Killuminati has lost his link.
1789667068	wizinfo	70	Killuminati has reconnected.
1789667142	wizinfo	62	test
1789667362	wizinfo	60	pipeline probe from the dashboard
1789667683	wizinfo	60	New Object Trap: A Copper Chest [Vnum: 25018]
1789667854	wizinfo	60	goldfish fish is afflicted with Lycanthropy
1789668425	wizinfo	60	lacedon sailor undead is afflicted with Lycanthropy
1789668425	wizinfo	60	Ranger is afflicted with Lycanthropy
1789668876	wizinfo	62	Automated backup complete.
1789668876	wizinfo	62	Daily backup complete.
1789668930	wizinfo	60	soldier is afflicted with Lycanthropy
1789669354	wizinfo	60	Killuminati@unifi.localdomain has connected.
1789669355	wizinfo	70	Killuminati has entered the game.
1789669743	wizinfo	60	dwarf daughter is afflicted with Lycanthropy
1789670501	wizinfo	60	townguard guard is afflicted with Lycanthropy
1789671131	wizinfo	60	Killuminati@unifi.localdomain has connected.
1789671132	wizinfo	70	Killuminati has entered the game.
1789671238	wizinfo	70	Killuminati has lost his link.
1789671239	wizinfo	62	Automated backup complete.
1789671239	wizinfo	62	Daily backup complete.
1789671515	wizinfo	60	Killuminati@unifi.localdomain has connected.
1789671515	wizinfo	70	Killuminati has entered the game.
1789672280	wizinfo	60	dron kalot is afflicted with Lycanthropy
1789672680	wizinfo	1	Miseri has entered the game.
1789672753	wizinfo	60	old man is afflicted with Lycanthropy
1789672914	wizinfo	1	Miseri has lost his link.
1789672914	wizinfo	70	Killuminati has lost his link.
1789672916	wizinfo	62	Automated backup complete.
1789672916	wizinfo	62	Daily backup complete.
1789673594	wizinfo	60	New Object Trap: A Adamantite Chest [Vnum: 25019]
1789675453	wizinfo	60	hulk umber is afflicted with Lycanthropy
1789675836	wizinfo	60	New Trap: [Room: 7845]
1789675880	wizinfo	62	Automated backup complete.
1789675880	wizinfo	62	Daily backup complete.
1789676204	wizinfo	60	Killuminati@unifi.localdomain has connected.
1789676205	wizinfo	70	Killuminati has entered the game.
1789678207	wizinfo	60	bucaneer is afflicted with Lycanthropy
1789678594	wizinfo	70	Killuminati has lost his link.
1789678595	wizinfo	62	Automated backup complete.
1789678595	wizinfo	62	Daily backup complete.
1789678834	wizinfo	60	gynosphinx sphinx is afflicted with Lycanthropy
1789678907	wizinfo	60	Killuminati@unifi.localdomain has connected.
1789678908	wizinfo	70	Killuminati has entered the game.
1789679239	wizinfo	60	strange fish is afflicted with Lycanthropy
1789679244	wizinfo	70	Killuminati has lost his link.
1789679714	wizinfo	60	leader coven is afflicted with Lycanthropy
1789680662	wizinfo	60	lemure blob is afflicted with Lycanthropy
1789681469	wizinfo	60	{1 70} Killum Hyrule has been struck by an earthquake.
1789681475	wizinfo	60	{1 70} Killum Hyrule is no longer a disaster area.
1789682274	wizinfo	60	frozen body is afflicted with Lycanthropy
1789682497	wizinfo	60	Lexie is afflicted with Lycanthropy
1789682713	wizinfo	60	horse pony pet is afflicted with Lycanthropy
1789683040	wizinfo	60	Lolth is afflicted with Lycanthropy
1789684175	wizinfo	60	gel slime is afflicted with Lycanthropy
1789685153	wizinfo	60	gnome busy is afflicted with Lycanthropy
1789685548	wizinfo	60	Hired Assassin Guard is afflicted with Lycanthropy
1789685590	wizinfo	60	waiter is afflicted with Lycanthropy
1789685711	wizinfo	60	dunk is afflicted with Lycanthropy
1789686301	wizinfo	60	girl haremgirl harem slave is afflicted with Lycanthropy
1789686301	wizinfo	60	rat giant is afflicted with Lycanthropy
1789687212	wizinfo	70	Killuminati has reconnected.
1789687230	wizinfo	70	Killuminati has lost his link.
1789687238	wizinfo	60	flame fire mage gm is afflicted with Lycanthropy
1789688055	wizinfo	60	security guard is afflicted with Lycanthropy
1789688162	wizinfo	60	adept cleric is afflicted with Lycanthropy
1789688345	wizinfo	60	eddie elemental is afflicted with Lycanthropy
1789692586	wizinfo	1	Sunfire has entered the game.
1789692782	wizinfo	60	wizard wizzrobe is afflicted with Lycanthropy
1789693051	wizinfo	1	Sunfire has entered the game.
1789693056	wizinfo	62	Automated backup complete.
1789693115	wizinfo	60	stalker invisible is afflicted with Lycanthropy
1789693307	wizinfo	60	flying monkey is afflicted with Lycanthropy
1789693429	info	0	Sunfire has achieved level 2!
1789693815	info	0	Sunfire has achieved level 3!
1789694306	wizinfo	60	Sunfire killed by the hyperactive teacher at 3786
1789694610	info	0	Sunfire has achieved level 4!
1789694647	wizinfo	60	draconian is afflicted with Lycanthropy
1789694829	wizinfo	60	Sunfire killed by a large hydra at 2208
1789694845	wizinfo	65	Sunfire has been touched by an angel.
1789694898	wizinfo	1	Sunfire has entered the game.
1789695138	info	0	Sunfire has achieved level 2!
1789695231	info	0	Sunfire has achieved level 3!
1789695535	info	0	Sunfire has achieved level 4!
1789696021	wizinfo	1	Sunfire has entered the game.
1789696187	wizinfo	1	Sunfire has entered the game.
1789696318	info	0	Sunfire has achieved level 2!
1789696475	info	0	Sunfire has achieved level 3!
1789696604	info	0	Sunfire has achieved level 4!
1789696822	wizinfo	60	silent master is afflicted with Lycanthropy
1789696886	info	0	Sunfire has achieved level 5!
1789697346	info	0	Sunfire has achieved level 6!
1789697420	wizinfo	60	Wife is afflicted with Lycanthropy
1789697884	wizinfo	60	Fewmaster Toede is afflicted with Lycanthropy
1789697884	wizinfo	60	shelbye is afflicted with Lycanthropy
1789697943	wizinfo	60	smurf is afflicted with Lycanthropy
1789699666	wizinfo	60	peahat spinning plant is afflicted with Lycanthropy
1789703298	wizinfo	60	fire newt guard is afflicted with Lycanthropy
1789703531	wizinfo	60	chicken is afflicted with Lycanthropy
1789703989	wizinfo	60	Miseri@108.81.26.245 has connected.
1789703989	wizinfo	1	Miseri has entered the game.
1789703994	info	0	Miseri has achieved level 2!
1789704019	wizinfo	60	WebAdmin gave a newbie pack to Miseri.
1789704285	wizinfo	60	minotaur black is afflicted with Lycanthropy
1789706441	wizinfo	60	pig moblin is afflicted with Lycanthropy
1789706980	wizinfo	60	goriya goblin is afflicted with Lycanthropy
1789707320	wizinfo	60	New Trap: [Room: 11056]
1789707508	wizinfo	62	Automated backup complete.
1789707581	wizinfo	60	astral guardian is afflicted with Lycanthropy
1789708070	wizinfo	60	lookout is afflicted with Lycanthropy
1789708634	wizinfo	60	asp snake is afflicted with Lycanthropy
1789708886	wizinfo	60	{1 70} Killum Hyrule has been struck by a flood.
1789708893	wizinfo	60	{1 70} Killum Hyrule is still suffering from a flood.
1789708901	wizinfo	60	{1 70} Killum Hyrule is no longer a disaster area.
1789708970	wizinfo	60	pawn wooden white is afflicted with Lycanthropy
1789709019	wizinfo	60	sheep is afflicted with Lycanthropy
1789710039	wizinfo	60	noble nobleman is afflicted with Lycanthropy
1789711484	wizinfo	60	red octorok is afflicted with Lycanthropy
1789711716	wizinfo	60	bard is afflicted with Lycanthropy
1789715089	wizinfo	60	caf employee is afflicted with Lycanthropy
1789715259	wizinfo	60	Ranger is afflicted with Lycanthropy
1789715399	wizinfo	60	imbessar king is afflicted with Lycanthropy
1789716288	wizinfo	60	poseidon is afflicted with Lycanthropy
1789716358	wizinfo	60	old man is afflicted with Lycanthropy
1789716604	wizinfo	60	bat is afflicted with Lycanthropy
1789718398	wizinfo	60	citizen is afflicted with Lycanthropy
1789718776	wizinfo	60	ssaehtniniap is afflicted with Lycanthropy
1789718903	wizinfo	60	New Object Trap: the glass cabinet [Vnum: 5227]
1789719090	wizinfo	60	sleepy smurf is afflicted with Lycanthropy
1789719228	wizinfo	60	patra eye swarm boss is afflicted with Lycanthropy
1789720661	wizinfo	60	harpy is afflicted with Lycanthropy
1789721176	wizinfo	60	soulless one is afflicted with Lycanthropy
1789721948	wizinfo	62	Automated backup complete.
1789722233	wizinfo	60	rock monster is afflicted with Lycanthropy
1789724259	wizinfo	60	queen draconian is afflicted with Lycanthropy
1789724698	wizinfo	60	mind-dead minddead undead is afflicted with Lycanthropy
1789724968	wizinfo	60	Brad Warden is afflicted with Lycanthropy
1789725207	wizinfo	60	guard minotaur is afflicted with Lycanthropy
1789725395	wizinfo	60	vire demon is afflicted with Lycanthropy
1789728503	wizinfo	60	like slime blob is afflicted with Lycanthropy
1789728834	wizinfo	60	Sunfire@89.124.11.13 has connected.
1789728835	wizinfo	6	Sunfire has entered the game.
1789728888	wizinfo	1	Sunfire has entered the game.
1789728892	wizinfo	60	fire newt baby is afflicted with Lycanthropy
1789729062	wizinfo	65	Sunfire has been touched by an angel.
1789729163	info	0	Sunfire has achieved level 2!
1789729325	info	0	Sunfire has achieved level 3!
1789730144	wizinfo	60	knight quality is afflicted with Lycanthropy
1789730214	wizinfo	60	fire flame elemental is afflicted with Lycanthropy
1789730628	wizinfo	60	cinder stalker is afflicted with Lycanthropy
1789730691	wizinfo	60	croupier lucky dice is afflicted with Lycanthropy
1789730845	wizinfo	60	slave human is afflicted with Lycanthropy
1789732039	wizinfo	60	death knight is afflicted with Lycanthropy
1789732116	wizinfo	60	dwarf guard is afflicted with Lycanthropy
1789732295	wizinfo	60	hermit is afflicted with Lycanthropy
1789732580	wizinfo	60	citizen is afflicted with Lycanthropy
1789733157	wizinfo	60	zol oil puddle is afflicted with Lycanthropy
1789733265	wizinfo	60	mage young is afflicted with Lycanthropy
1789733961	wizinfo	60	spider tektite is afflicted with Lycanthropy
1789734532	wizinfo	60	scorpion is afflicted with Lycanthropy
1789735174	wizinfo	60	professor prof is afflicted with Lycanthropy
1789735784	wizinfo	60	tall tree is afflicted with Lycanthropy
1789736352	wizinfo	62	Automated backup complete.
1789737109	wizinfo	70	Killuminati has reconnected.
1789737134	wizinfo	60	hulk umber is afflicted with Lycanthropy
1789737913	wizinfo	60	river zora young is afflicted with Lycanthropy
1789738113	wizinfo	60	jello ochre is afflicted with Lycanthropy
1789738427	wizinfo	60	citizen resident is afflicted with Lycanthropy
1789738470	wizinfo	60	tiamat dragon is afflicted with Lycanthropy
1789738568	wizinfo	60	gg warrior skeletal guard is afflicted with Lycanthropy
1789740436	wizinfo	60	Eclipse@97.182.208.140 has connected.
1789740448	wizinfo	70	Eclipse has entered the game.
1789740655	wizinfo	60	blue leever is afflicted with Lycanthropy
1789740872	wizinfo	60	wanderer is afflicted with Lycanthropy
1789741310	wizinfo	70	Eclipse has lost his link.
1789741310	wizinfo	70	Killuminati has lost his link.
1789741313	wizinfo	62	Automated backup complete.
1789741313	wizinfo	62	Daily backup complete.
1789741351	wizinfo	60	Killuminati@unifi.localdomain has connected.
1789741352	wizinfo	70	Killuminati has entered the game.
1789741447	wizinfo	60	Eclipse@97.182.208.140 has connected.
1789741449	wizinfo	70	Eclipse has entered the game.
1789741740	wizinfo	60	Killuminati gave a newbie pack to Eclipse.
1789742135	wizinfo	60	ixitxachitl is afflicted with Lycanthropy
1789742513	wizinfo	60	acolyte is afflicted with Lycanthropy
1789743068	wizinfo	60	stalfos skeleton is afflicted with Lycanthropy
1789743394	wizinfo	60	bucaneer is afflicted with Lycanthropy
1789744202	wizinfo	60	skeleton saurian is afflicted with Lycanthropy
1789744378	wizinfo	60	Killuminati got hit by their own farslay *tee-hee*
1789744831	wizinfo	60	New Object Trap: A Silver Chest [Vnum: 25017]
1789745270	wizinfo	70	Eclipse has lost his link.
1789745270	wizinfo	70	Killuminati has lost his link.
1789745272	wizinfo	62	Automated backup complete.
1789745272	wizinfo	62	Daily backup complete.
1789745318	wizinfo	60	Eclipse@97.182.208.140 has connected.
1789745321	wizinfo	70	Eclipse has entered the game.
1789745327	wizinfo	60	Killuminati@unifi.localdomain has connected.
1789745328	wizinfo	70	Killuminati has entered the game.
1789745335	wizinfo	70	Killuminati has lost his link.
1789745406	wizinfo	70	Killuminati has reconnected.
1789745495	wizinfo	60	New Object Trap: an iron bound chest [Vnum: 5023]
1789746250	wizinfo	60	townguard guard is afflicted with Lycanthropy
1789747318	wizinfo	70	Eclipse has lost his link.
1789747690	wizinfo	60	security is afflicted with Lycanthropy
1789749221	wizinfo	60	 70} Elrond  Valhalla has been struck by brush fire.
1789749481	wizinfo	60	animated skeleton is afflicted with Lycanthropy
1789750140	wizinfo	60	gargoyle is afflicted with Lycanthropy
1789751237	wizinfo	60	guardian greater eyes is afflicted with Lycanthropy
1789751937	wizinfo	60	talemon wizard mage is afflicted with Lycanthropy
1789754088	wizinfo	60	duergar mercenary is afflicted with Lycanthropy
1789754398	wizinfo	60	squire is afflicted with Lycanthropy
1789754761	wizinfo	70	Killuminati has lost his link.
1789754762	wizinfo	62	Automated backup complete.
1789754762	wizinfo	62	Daily backup complete.
1789754762	wizinfo	60	sleeping pirate is afflicted with Lycanthropy
1789757118	wizinfo	60	glaze wolf is afflicted with Lycanthropy
1789757204	wizinfo	60	Killuminati@unifi.localdomain has connected.
1789757205	wizinfo	70	Killuminati has entered the game.
1789758620	wizinfo	60	hatchling dragon baby is afflicted with Lycanthropy
1789759971	wizinfo	60	Fiendish Donkey is afflicted with Lycanthropy
1789760092	wizinfo	60	dustdigger is afflicted with Lycanthropy
1789760500	wizinfo	60	Barbarian Elite is afflicted with Lycanthropy
1789760872	wizinfo	60	New Object Trap: A Huge Chest [Vnum: 9931]
1789760982	wizinfo	60	New Trap: [Room: 4346]
1789761025	wizinfo	70	Killuminati has lost his link.
1789761026	wizinfo	62	Automated backup complete.
1789761026	wizinfo	62	Daily backup complete.
1789761080	wizinfo	60	Killuminati@unifi.localdomain has connected.
1789761081	wizinfo	70	Killuminati has entered the game.
1789761181	wizinfo	60	bar gold is afflicted with Lycanthropy
1789761256	wizinfo	60	hyrule money game elder is afflicted with Lycanthropy
1789762091	wizinfo	70	Killuminati has lost his link.
1789762093	wizinfo	62	Automated backup complete.
1789762093	wizinfo	62	Daily backup complete.
1789762217	wizinfo	60	Killuminati@unifi.localdomain has connected.
1789762218	wizinfo	70	Killuminati has entered the game.
1789762598	wizinfo	60	Sunfire@89.124.11.13 has connected.
1789762599	wizinfo	3	Sunfire has entered the game.
1789762710	info	0	Sunfire has achieved level 4!
1789762853	info	0	Sunfire has achieved level 5!
1789763002	wizinfo	60	Killuminati gave a newbie pack to Sunfire.
1789763428	info	0	Sunfire has achieved level 6!
1789763849	wizinfo	60	New Trap: [Room: 17192]
1789764013	wizinfo	70	Killuminati has lost his link.
1789764243	wizinfo	60	brownie faerie is afflicted with Lycanthropy
1789764488	wizinfo	62	Automated backup complete.
1789764488	wizinfo	62	Daily backup complete.
1789764855	wizinfo	60	gnoll dog is afflicted with Lycanthropy
1789765443	wizinfo	60	vendor is afflicted with Lycanthropy
1789767296	wizinfo	60	Sunfire@89.124.11.13 has connected.
1789767297	wizinfo	6	Sunfire has entered the game.
1789767510	wizinfo	60	chris is afflicted with Lycanthropy
1789767592	info	0	Sunfire has achieved level 7!
1789767802	info	0	Sunfire has achieved level 8!
1789768133	info	0	Sunfire has achieved level 9!
1789769453	wizinfo	60	blue goriya demon is afflicted with Lycanthropy
1789769498	wizinfo	60	troll tunnel is afflicted with Lycanthropy
1789769962	wizinfo	60	tall tree is afflicted with Lycanthropy
1789771359	wizinfo	60	Sunfire@89.124.11.13 has connected.
1789771361	wizinfo	9	Sunfire has entered the game.
1789771380	wizinfo	60	fire flame elemental is afflicted with Lycanthropy
1789771656	info	0	Sunfire has achieved level 10!
1789771682	wizinfo	65	Sunfire has been touched by an angel.
1789772052	info	0	Sunfire has achieved level 11!
1789772114	wizinfo	60	troll gang member is afflicted with Lycanthropy
1789772177	wizinfo	60	gangster is afflicted with Lycanthropy
1789772316	info	0	Sunfire has achieved level 12!
1789773025	wizinfo	60	midshipman man is afflicted with Lycanthropy
1789773375	wizinfo	60	Limbo emptied of trash!
1789773730	wizinfo	60	scrag is afflicted with Lycanthropy
1789774477	wizinfo	60	Sunfire@89.124.11.13 has connected.
1789774478	wizinfo	12	Sunfire has entered the game.
1789774790	wizinfo	60	New Object Trap: A Golden Chest [Vnum: 17017]
1789775657	wizinfo	60	New Object Trap: a little treasure box [Vnum: 29352]
1789775691	wizinfo	60	Sunfire@89.124.8.36 has connected.
1789775692	wizinfo	12	Sunfire has entered the game.
1789776589	info	0	Sunfire has achieved level 13!
1789777939	wizinfo	60	Frog is afflicted with Lycanthropy
1789778041	wizinfo	60	cinder stalker is afflicted with Lycanthropy
1789778041	wizinfo	60	fire newt worker is afflicted with Lycanthropy
1789778391	wizinfo	1	Alaric has entered the game.
1789778765	info	0	Alaric has achieved level 2!
1789778894	info	0	Alaric has achieved level 3!
1789778921	wizinfo	62	Automated backup complete.
1789778959	wizinfo	60	Killuminati@108.81.26.245 has connected.
1789778960	wizinfo	70	Killuminati has entered the game.
1789779022	wizinfo	60	Killuminati gave a newbie pack to Alaric.
1789779077	info	0	Alaric has achieved level 4!
1789779093	info	0	Alaric has achieved level 5!
1789779174	info	0	Alaric has achieved level 6!
1789779283	wizinfo	60	hag is afflicted with Lycanthropy
1789779455	wizinfo	60	Killuminati@108.81.26.245 has connected.
1789779456	wizinfo	70	Killuminati has entered the game.
1789779468	wizinfo	1	Alaric has entered the game.
1789779509	wizinfo	60	Killuminati gave a newbie pack to Alaric.
1789779556	info	0	Alaric has achieved level 2!
1789779688	info	0	Alaric has achieved level 3!
1789779888	info	0	Alaric has achieved level 4!
1789779928	info	0	Alaric has achieved level 5!
1789780141	info	0	Alaric has achieved level 6!
1789780213	info	0	Alaric has achieved level 7!
1789780248	wizinfo	70	Killuminati has lost his link.
1789780248	wizinfo	7	Alaric has lost his link.
1789780250	wizinfo	62	Automated backup complete.
1789780250	wizinfo	62	Daily backup complete.
1789780268	wizinfo	60	Killuminati@108.81.26.245 has connected.
1789780268	wizinfo	70	Killuminati has entered the game.
1789780738	wizinfo	60	Alaric@208.126.22.104 has connected.
1789780740	wizinfo	7	Alaric has entered the game.
1789780895	info	0	Alaric has achieved level 8!
1789780965	wizinfo	60	rainbow warrior is afflicted with Lycanthropy
1789781198	info	0	Alaric has achieved level 9!
1789781673	info	0	Alaric has achieved level 10!
1789781944	wizinfo	60	Neo Otyugh is afflicted with Lycanthropy
1789782105	wizinfo	60	Prison Guard is afflicted with Lycanthropy
1789782271	info	0	Alaric has achieved level 11!
1789782463	info	0	Alaric has achieved level 12!
1789782551	wizinfo	60	wraith knight is afflicted with Lycanthropy
1789782727	info	0	Alaric has achieved level 13!
1789783487	wizinfo	62	Automated backup complete.
1789783487	wizinfo	62	Daily backup complete.
1789783500	wizinfo	60	Alaric@208.126.22.104 has connected.
1789783501	wizinfo	13	Alaric has entered the game.
1789783754	wizinfo	60	frosh froshie is afflicted with Lycanthropy
1789783873	wizinfo	13	Alaric has lost his link.
1789783874	wizinfo	62	Automated backup complete.
1789783874	wizinfo	62	Daily backup complete.
1789784288	wizinfo	60	bat keese is afflicted with Lycanthropy
1789784288	wizinfo	60	New Object Trap: the coffin [Vnum: 24205]
1789784992	wizinfo	60	assassin is afflicted with Lycanthropy
1789785415	wizinfo	60	bat black is afflicted with Lycanthropy
1789785725	wizinfo	60	Killuminati@108.81.26.245 has connected.
1789785727	wizinfo	70	Killuminati has entered the game.
1789785939	wizinfo	60	harpy is afflicted with Lycanthropy
1789786417	wizinfo	60	skeleton saurian is afflicted with Lycanthropy
1789786537	wizinfo	60	Miseri@108.81.26.245 has connected.
1789786538	wizinfo	2	Miseri has entered the game.
1789786727	info	0	Miseri has achieved level 3!
1789786784	info	0	Miseri has achieved level 4!
1789786847	info	0	Miseri has achieved level 5!
1789786934	info	0	Miseri has achieved level 6!
1789787036	wizinfo	60	red octorok is afflicted with Lycanthropy
1789787658	wizinfo	60	knight reknown is afflicted with Lycanthropy
1789788005	wizinfo	60	Miseri has been spared by the gods divine protection from certain death at the hands of necromancer!
1789788332	wizinfo	60	Limbo emptied of trash!
1789788822	wizinfo	60	assassin master is afflicted with Lycanthropy
1789789609	wizinfo	62	Automated backup complete.
1789789609	wizinfo	62	Daily backup complete.
1789792684	wizinfo	60	Killuminati@108.81.26.245 has connected.
1789792685	wizinfo	70	Killuminati has entered the game.
1789794492	wizinfo	70	Killuminati has lost his link.
1789797030	wizinfo	62	Automated backup complete.
1789797030	wizinfo	62	Daily backup complete.
1789798193	wizinfo	60	Killuminati@108-81-26-245.lightspeed.tukrga.sbcglobal.net has connected.
1789798194	wizinfo	70	Killuminati has entered the game.
1789798228	wizinfo	60	Spellup: Hermie placed in room 4208 by Killuminati.
1789798297	wizinfo	60	Miseri@108-81-26-245.lightspeed.tukrga.sbcglobal.net has connected.
1789798297	wizinfo	6	Miseri has entered the game.
1789798314	wizinfo	60	angel hermie herbie girlfriend spellup empowered Miseri (temporary).
1789798314	wizinfo	60	angel hermie herbie girlfriend spellup made Miseri titanic (temporary).
1789798351	wizinfo	60	Miseri gave a newbie pack to Miseri.
1789798486	info	0	Miseri has achieved level 7!
1789798493	wizinfo	60	Miseri flagged Miseri for psionics ().
1789798585	info	0	Miseri has achieved level 8!
1789798756	info	0	Miseri has achieved level 9!
1789798927	info	0	Miseri has achieved level 10!
1789799567	info	0	Miseri has achieved level 11!
1789799917	wizinfo	60	Limbo emptied of trash!
1789811482	wizinfo	62	Automated backup complete.
1789821820	wizinfo	60	Alaric@208.126.22.104 has connected.
1789821821	wizinfo	13	Alaric has entered the game.
1789821861	info	0	Alaric has achieved level 14!
1789822189	info	0	Alaric has achieved level 15!
1789822654	wizinfo	65	Alaric has been touched by an angel.
1789822976	info	0	Alaric has achieved level 16!
1789824207	wizinfo	60	Alaric@208.126.22.104 has connected.
1789824208	wizinfo	16	Alaric has entered the game.
1789824345	info	0	Alaric has achieved level 17!
1789825484	wizinfo	62	Automated backup complete.
1789825484	wizinfo	62	Daily backup complete.
1789825694	wizinfo	60	Alaric@208.126.22.104 has connected.
1789825695	wizinfo	17	Alaric has entered the game.
1789825711	wizinfo	65	Alaric has been touched by an angel.
1789825773	wizinfo	17	Alaric has lost its link.
1789825774	wizinfo	62	Automated backup complete.
1789825774	wizinfo	62	Daily backup complete.
1789825796	wizinfo	60	Alaric@208.126.22.104 has connected.
1789825797	wizinfo	17	Alaric has entered the game.
1789825948	info	0	Alaric has achieved level 18!
1789826174	wizinfo	60	Eclipse@97.248.95.144 has connected.
1789826177	wizinfo	70	Eclipse has entered the game.
1789826795	wizinfo	70	Eclipse has lost his link.
1789826796	wizinfo	62	Automated backup complete.
1789826796	wizinfo	62	Daily backup complete.
1789826820	wizinfo	60	Eclipse@97.248.95.144 has connected.
1789826822	wizinfo	70	Eclipse has entered the game.
1789826866	wizinfo	60	Alaric@208.126.22.104 has connected.
1789826867	wizinfo	18	Alaric has entered the game.
1789827053	wizinfo	60	Eclipse@97.248.95.144 has connected.
1789827054	wizinfo	70	Eclipse has entered the game.
1789827283	wizinfo	60	New Object Trap: A Golden Chest [Vnum: 25016]
1789827331	wizinfo	65	Alaric has been touched by an angel.
1789830042	wizinfo	70	Eclipse has lost his link.
1789830043	wizinfo	62	Automated backup complete.
1789830043	wizinfo	62	Daily backup complete.
1789830152	wizinfo	60	Eclipse@97.248.95.144 has connected.
1789830153	wizinfo	70	Eclipse has entered the game.
1789830561	wizinfo	70	Eclipse has lost his link.
1789830563	wizinfo	62	Automated backup complete.
1789830563	wizinfo	62	Daily backup complete.
1789830582	wizinfo	60	Eclipse@97.248.95.144 has connected.
1789830583	wizinfo	70	Eclipse has entered the game.
1789830954	wizinfo	60	Alaric@208.126.22.104 has connected.
1789830955	wizinfo	18	Alaric has entered the game.
1789832201	info	0	Alaric has achieved level 19!
1789832718	info	0	Alaric has achieved level 20!
1789833746	wizinfo	60	Alaric@208.126.22.104 has connected.
1789833747	wizinfo	20	Alaric has entered the game.
1789833847	info	0	Alaric has achieved level 21!
1789833866	wizinfo	60	 70} Elrond  Valhalla has been struck by an earthquake.
1789833873	wizinfo	60	 70} Elrond  Valhalla is still suffering from an earthquake.
1789833880	wizinfo	60	 70} Elrond  Valhalla is still suffering from an earthquake.
1789833886	wizinfo	60	 70} Elrond  Valhalla is no longer a disaster area.
1789833992	wizinfo	65	Alaric has been touched by an angel.
1789834313	info	0	Alaric has achieved level 22!
1789834971	info	0	Alaric has achieved level 23!
1789835034	wizinfo	65	Alaric has been touched by an angel.
1789835589	info	0	Alaric has achieved level 24!
1789836532	info	0	Alaric has achieved level 25!
1789837620	info	0	Alaric has achieved level 26!
1789838374	wizinfo	65	Alaric has been touched by an angel.
1789838697	wizinfo	60	Limbo emptied of trash!
1789838976	wizinfo	60	New Object Trap: A Adamantite Chest [Vnum: 25019]
1789839070	wizinfo	60	Alaric@208.126.22.104 has connected.
1789839071	wizinfo	26	Alaric has entered the game.
1789839164	info	0	Alaric has achieved level 27!
1789839875	wizinfo	65	Alaric has been touched by an angel.
1789840524	wizinfo	65	Alaric has been touched by an angel.
1789840538	wizinfo	60	New Object Trap: A Silver Chest [Vnum: 25017]
1789841005	info	0	Alaric has achieved level 28!
1789844966	wizinfo	62	Automated backup complete.
1789845036	wizinfo	60	New Object Trap: a wooden chest [Vnum: 7910]
1789854997	wizinfo	60	Alaric@208.126.22.104 has connected.
1789854998	wizinfo	28	Alaric has entered the game.
1789855493	wizinfo	60	Killuminati@108-81-26-245.lightspeed.tukrga.sbcglobal.net has connected.
1789855494	wizinfo	70	Killuminati has entered the game.
1789855503	wizinfo	60	Spellup: Hermie placed in room 4208 by Killuminati.
1789856034	wizinfo	60	Tyrant@108-81-26-245.lightspeed.tukrga.sbcglobal.net has connected.
1789856034	wizinfo	34	Tyrant has entered the game.
1789856096	wizinfo	60	angel hermie herbie girlfriend spellup empowered Tyrant (temporary).
1789856096	wizinfo	60	angel hermie herbie girlfriend spellup made Tyrant titanic (temporary).
1789856162	wizinfo	60	Killuminati@108-81-26-245.lightspeed.tukrga.sbcglobal.net has connected.
1789856163	wizinfo	70	Killuminati has entered the game.
1789856195	wizinfo	65	Alaric has been touched by an angel.
1789856380	info	0	Alaric has achieved level 29!
1789857016	wizinfo	65	Alaric has been touched by an angel.
1789857264	wizinfo	60	{ ALL } Drakk   City of Dresden has been struck by a tornado.
1789857271	wizinfo	60	{ ALL } Drakk   City of Dresden is no longer a disaster area.
1789857296	info	0	Alaric has achieved level 30!
1789857697	wizinfo	65	Alaric has been touched by an angel.
1789858446	wizinfo	65	Alaric has been touched by an angel.
1789858666	info	0	Alaric has achieved level 31!
1789859400	wizinfo	62	Automated backup complete.
1789859958	wizinfo	70	Killuminati has lost his link.
1789859958	wizinfo	70	Eclipse has lost his link.
1789859959	wizinfo	62	Automated backup complete.
1789859959	wizinfo	62	Daily backup complete.
1789859972	wizinfo	60	Killuminati@108-81-26-245.lightspeed.tukrga.sbcglobal.net has connected.
1789859973	wizinfo	70	Killuminati has entered the game.
1789860213	wizinfo	70	Killuminati has lost his link.
1789860215	wizinfo	62	Automated backup complete.
1789860215	wizinfo	62	Daily backup complete.
1789860241	wizinfo	62	Automated backup complete.
1789860241	wizinfo	62	Daily backup complete.
1789860274	wizinfo	62	Automated backup complete.
1789860274	wizinfo	62	Daily backup complete.
1789860526	wizinfo	60	Alaric@208.126.22.104 has connected.
1789860527	wizinfo	31	Alaric has entered the game.
1789860636	wizinfo	65	Alaric has been touched by an angel.
1789860855	info	0	Alaric has achieved level 32!
1789861126	wizinfo	32	Alaric has lost her link.
1789861127	wizinfo	62	Automated backup complete.
1789861127	wizinfo	62	Daily backup complete.
1789861155	wizinfo	60	Killuminati@108-81-26-245.lightspeed.tukrga.sbcglobal.net has connected.
1789861156	wizinfo	70	Killuminati has entered the game.
1789861174	wizinfo	60	Alaric@208.126.22.104 has connected.
1789861175	wizinfo	32	Alaric has entered the game.
1789861213	wizinfo	60	Spellup: Hermie placed in room 4208 by Killuminati.
1789861970	wizinfo	32	Alaric has lost her link.
1789861970	wizinfo	70	Killuminati has lost his link.
1789861971	wizinfo	62	Automated backup complete.
1789861971	wizinfo	62	Daily backup complete.
1789861992	wizinfo	60	Killuminati@108-81-26-245.lightspeed.tukrga.sbcglobal.net has connected.
1789861993	wizinfo	70	Killuminati has entered the game.
1789861995	wizinfo	60	Alaric@208.126.22.104 has connected.
1789861996	wizinfo	32	Alaric has entered the game.
1789862908	wizinfo	32	Alaric has lost her link.
1789862908	wizinfo	70	Killuminati has lost his link.
1789862910	wizinfo	62	Automated backup complete.
1789862910	wizinfo	62	Daily backup complete.
1789862949	wizinfo	60	Alaric@208.126.22.104 has connected.
1789862950	wizinfo	32	Alaric has entered the game.
1789862984	wizinfo	60	Killuminati@108-81-26-245.lightspeed.tukrga.sbcglobal.net has connected.
1789862986	wizinfo	70	Killuminati has entered the game.
1789862991	wizinfo	60	New Object Trap: a little treasure box [Vnum: 29352]
1789863016	wizinfo	60	Spellup: Hermie placed in room 4208 by Killuminati.
1789863548	wizinfo	32	Alaric has left the game (9m).
1789863626	wizinfo	62	Automated backup complete.
1789863626	wizinfo	62	Daily backup complete.
1789863646	wizinfo	60	Alaric@208.126.22.104 has connected.
1789863647	wizinfo	32	Alaric has entered the game.
1789863654	wizinfo	60	Killuminati@108-81-26-245.lightspeed.tukrga.sbcglobal.net has connected.
1789863656	wizinfo	70	Killuminati has entered the game.
1789864379	wizinfo	60	Eclipse@97.248.95.144 has connected.
1789864381	wizinfo	70	Eclipse has entered the game.
1789864562	wizinfo	32	Alaric has left the game (15m).
1789864575	wizinfo	32	were bear has lost its link.
1789864578	wizinfo	60	Alaric@208.126.22.104 has connected.
1789864579	wizinfo	32	Alaric has entered the game.
1789864643	wizinfo	60	Killuminati flagged Alaric for psionics ().
1789864712	wizinfo	32	Alaric has lost her link.
1789864712	wizinfo	70	Eclipse has lost his link.
1789864712	wizinfo	70	Killuminati has lost his link.
1789864713	wizinfo	62	Automated backup complete.
1789864713	wizinfo	62	Daily backup complete.
1789864721	wizinfo	60	Alaric@208.126.22.104 has connected.
1789864722	wizinfo	32	Alaric has entered the game.
1789864725	wizinfo	60	Killuminati@108-81-26-245.lightspeed.tukrga.sbcglobal.net has connected.
1789864726	wizinfo	70	Killuminati has entered the game.
1789864775	info	0	Alaric has achieved level 33!
1789864778	wizinfo	60	Eclipse@97.248.95.144 has connected.
1789864780	wizinfo	70	Eclipse has entered the game.
1789865465	wizinfo	60	Spellup: Hermie placed in room 4208 by Killuminati.
1789865859	info	0	Alaric has achieved level 34!
1789865864	wizinfo	65	Alaric has been touched by an angel.
1789867107	wizinfo	70	Killuminati has lost his link.
1789867388	info	0	Alaric has achieved level 35!
1789867831	wizinfo	65	Alaric has been touched by an angel.
1789868295	info	0	Alaric has achieved level 36!
1789868677	info	0	Alaric has achieved level 37!
1789868888	wizinfo	65	Alaric has been touched by an angel.
1789869139	info	0	Alaric has achieved level 38!
1789870223	wizinfo	60	New Object Trap: pellinore's trailpack [Vnum: 730]
1789870269	wizinfo	70	Eclipse has lost his link.
1789870297	wizinfo	70	Eclipse has reconnected.
1789870524	info	0	Alaric has achieved level 39!
1789871752	info	0	Alaric has achieved level 40!
1789873185	wizinfo	65	Alaric has been touched by an angel.
1789873800	info	0	Alaric has achieved level 41!
1789874286	wizinfo	70	Alaric weapon has been smited!
1789874806	wizinfo	60	New Object Trap: a black hole [Vnum: 29226]
1789874902	wizinfo	41	Alaric has left the game (2h 49m).
1789879155	wizinfo	62	Automated backup complete.
1789891332	wizinfo	70	Eclipse has lost his link.
1789891816	wizinfo	62	Automated backup complete.
1789891816	wizinfo	62	Daily backup complete.
1789897766	wizinfo	60	New Object Trap: A Adamantite Chest [Vnum: 25019]
1789906281	wizinfo	62	Automated backup complete.
1789907807	wizinfo	60	New Object Trap: an iron bound chest [Vnum: 5023]
1789908508	wizinfo	60	Alaric@208.126.22.104 has connected.
1789908509	wizinfo	41	Alaric has entered the game.
1789909163	info	0	Alaric has achieved level 42!
1789909163	wizinfo	60	Alaric has achieved level 42!
1789910563	info	0	Alaric has achieved level 43!
1789910563	wizinfo	60	Alaric has achieved level 43!
1789910991	wizinfo	65	Alaric has been touched by an angel.
1789911536	wizinfo	65	Alaric has been touched by an angel.
1789911590	wizinfo	60	Eclipse@97.248.95.144 has connected.
1789911592	wizinfo	70	Eclipse has entered the game.
1789911686	info	0	Alaric has achieved level 44!
1789911686	wizinfo	60	Alaric has achieved level 44!
1789911707	wizinfo	44	Alaric has left the game (53m).
1789912052	wizinfo	60	Alaric@208.126.22.104 has connected.
1789912052	wizinfo	44	Alaric has entered the game.
1789912172	wizinfo	44	Alaric has left the game (2m).
1789912514	wizinfo	60	Alaric@208.126.22.104 has connected.
1789912515	wizinfo	44	Alaric has entered the game.
1789912813	wizinfo	65	Alaric has been touched by an angel.
1789913348	info	0	Alaric has achieved level 45!
1789913348	wizinfo	60	Alaric has achieved level 45!
1789913729	wizinfo	70	Eclipse has lost his link.
1789913821	wizinfo	60	Amaranth@97.248.95.144 new player.
1789913830	wizinfo	1	Amaranth has entered the game.
1789913849	wizinfo	70	Eclipse has reconnected.
1789915918	wizinfo	45	Alaric has left the game (56m).
1789916476	wizinfo	60	Limbo emptied of trash!
1789916476	wizinfo	1	Amaranth has left the game (44m).
1789916615	wizinfo	60	Amaranth@97.248.95.144 has connected.
1789916616	wizinfo	1	Amaranth has entered the game.
1789917098	wizinfo	65	Amaranth has been touched by an angel.
1789917666	info	0	Amaranth has achieved level 2!
1789917666	wizinfo	60	Amaranth has achieved level 2!
1789918167	info	0	Amaranth has achieved level 3!
1789918167	wizinfo	60	Amaranth has achieved level 3!
1789918670	wizinfo	60	{ ALL } Drakk   City of Dresden has been struck by an earthquake.
1789918677	wizinfo	60	{ ALL } Drakk   City of Dresden is still suffering from an earthquake.
1789918684	wizinfo	60	{ ALL } Drakk   City of Dresden is no longer a disaster area.
1789919074	wizinfo	60	Amaranth killed by the boar at 3730
1789919076	wizinfo	65	Amaranth has been touched by an angel.
1789919429	wizinfo	70	Eclipse has lost his link.
1789919437	wizinfo	70	Eclipse has reconnected.
1789919551	wizinfo	3	Amaranth has lost her link.
1789919569	wizinfo	3	Amaranth has reconnected.
1789919639	wizinfo	60	Alaric@208.126.22.104 has connected.
1789919639	wizinfo	45	Alaric has entered the game.
1789920264	info	0	Alaric has achieved level 46!
1789920264	wizinfo	60	Alaric has achieved level 46!
1789920442	wizinfo	65	Alaric has been touched by an angel.
1789920554	info	0	Amaranth has achieved level 4!
1789920554	wizinfo	60	Amaranth has achieved level 4!
1789920562	wizinfo	65	Amaranth has been touched by an angel.
1789920743	wizinfo	62	Automated backup complete.
1789920972	wizinfo	4	Amaranth has left the game (1h 12m).
1789923066	wizinfo	65	Alaric has been touched by an angel.
1789923389	wizinfo	70	Eclipse has lost his link.
1789923767	info	0	Alaric has achieved level 47!
1789923767	wizinfo	60	Alaric has achieved level 47!
1789924063	wizinfo	47	Alaric has left the game (1h 13m).
1789924214	wizinfo	60	New Object Trap: A Silver Chest [Vnum: 25017]
1789931732	wizinfo	60	New Object Trap: A Copper Chest [Vnum: 25018]
1789935162	wizinfo	62	Automated backup complete.
1789939766	wizinfo	60	Alaric@208.126.22.104 has connected.
1789939766	wizinfo	47	Alaric has entered the game.
1789940455	wizinfo	65	Alaric has been touched by an angel.
1789941652	wizinfo	65	Alaric has been touched by an angel.
1789942028	info	0	Alaric has achieved level 48!
1789942028	wizinfo	60	Alaric has achieved level 48!
1789942681	wizinfo	60	 60} Lance   Pirate Ship has been struck by a lightning storm.
1789942687	wizinfo	60	 60} Lance   Pirate Ship is no longer a disaster area.
1789943122	wizinfo	65	Alaric has been touched by an angel.
1789944266	info	0	Alaric has achieved level 49!
1789944266	wizinfo	60	Alaric has achieved level 49!
1789945208	wizinfo	65	Alaric has been touched by an angel.
1789945797	wizinfo	65	Alaric has been touched by an angel.
1789947074	info	0	Alaric has achieved level 50!
1789947074	wizinfo	60	Alaric has achieved level 50!
1789949579	wizinfo	62	Automated backup complete.
1789953198	info	0	Alaric has set off a trap!!!
1789953198	wizinfo	60	Alaric has set off a Sleep trap!!!
1789954080	wizinfo	50	Alaric has lost her link.
1789954240	wizinfo	50	Alaric has left the game (4h 01m).
1789963992	wizinfo	62	Automated backup complete.
1789975090	wizinfo	60	New Object Trap: pellinore's trailpack [Vnum: 730]
1789975312	wizinfo	70	Eclipse has reconnected.
1789975728	wizinfo	60	Callista@97.248.95.144 new player.
1789975732	wizinfo	1	Callista has entered the game.
1789976754	wizinfo	70	Eclipse has lost his link.
1789976762	wizinfo	70	Eclipse has reconnected.
1789977093	info	0	Callista has achieved level 2!
1789977093	wizinfo	60	Callista has achieved level 2!
1789978253	wizinfo	62	Daily backup complete.
1789978401	wizinfo	62	Automated backup complete.
1789979473	info	0	Callista has achieved level 3!
1789979473	wizinfo	60	Callista has achieved level 3!
1789979669	wizinfo	70	Eclipse has lost his link.
1789979689	wizinfo	70	Eclipse has reconnected.
1789980853	wizinfo	60	Limbo emptied of trash!
1789980853	wizinfo	3	Callista has left the game (1h 25m).
1789980938	wizinfo	70	Eclipse has left the game (19h 15m).
1789985789	wizinfo	60	New Object Trap: a black hole [Vnum: 29226]
1789992835	wizinfo	62	Automated backup complete.
1789995810	wizinfo	60	New Object Trap: a bronze chest [Vnum: 24123]
1789997256	wizinfo	60	New Object Trap: A Huge Chest [Vnum: 9931]
1790001524	wizinfo	60	Eclipse@97.248.95.144 has connected.
1790001528	wizinfo	70	Eclipse has entered the game.
1790005715	wizinfo	60	New Object Trap: a chest [Vnum: 1315]
1790007238	wizinfo	62	Automated backup complete.
1790008017	wizinfo	60	New Object Trap: the desk [Vnum: 5225]
1790021166	wizinfo	60	New Object Trap: a wooden chest [Vnum: 6005]
1790021684	wizinfo	62	Automated backup complete.
1790028467	wizinfo	60	New Object Trap: a mighty stone sarcophagus [Vnum: 28010]
1790031614	wizinfo	60	Alaric@208.126.22.104 has connected.
1790031615	wizinfo	50	Alaric has entered the game.
1790036114	wizinfo	62	Automated backup complete.
1790041389	wizinfo	50	Alaric has lost her link.
1790041530	wizinfo	50	Alaric has left the game (2h 45m).
1790045805	wizinfo	70	Eclipse has lost his link.
1790047186	wizinfo	60	Storock@172.58.124.232 new player.
1790047194	wizinfo	1	Storock has entered the game.
1790047300	wizinfo	1	Storock has lost his link.
1790047457	wizinfo	1	Storock has left the game (4m).
1790050557	wizinfo	62	Automated backup complete.
1790054020	wizinfo	60	 70} Elrond  Valhalla has been struck by a tornado.
1790054026	wizinfo	60	 70} Elrond  Valhalla is no longer a disaster area.
1790059986	wizinfo	60	New Trap: [Room: 5670]
1790064654	wizinfo	62	Daily backup complete.
1790064959	wizinfo	62	Automated backup complete.
1790079380	wizinfo	62	Automated backup complete.
1790086840	wizinfo	60	Callista@97.248.95.144 has connected.
1790086841	wizinfo	3	Callista has entered the game.
1790087056	info	0	Callista has achieved level 4!
1790087056	wizinfo	60	Callista has achieved level 4!
1790087128	wizinfo	4	Callista has left the game (4m).
1790087826	wizinfo	70	Eclipse has reconnected.
1790089683	wizinfo	70	Eclipse has left the game (24h 29m).
1790093847	wizinfo	62	Automated backup complete.
1790108249	wizinfo	62	Automated backup complete.
1790118279	wizinfo	60	New Trap: [Room: 7880]
1790119176	wizinfo	60	Alaric@208.126.22.104 has connected.
1790119177	wizinfo	50	Alaric has entered the game.
1790120701	wizinfo	60	New Trap: [Room: 16068]
1790122665	wizinfo	62	Automated backup complete.
1790124088	wizinfo	60	{ ALL } Drakk   City of Dresden has been struck by a tornado.
1790130164	wizinfo	60	{ ALL } Drakk   City of Dresden has been struck by an earthquake.
1790130172	wizinfo	60	{ ALL } Drakk   City of Dresden is no longer a disaster area.
1790137086	wizinfo	62	Automated backup complete.
1790140380	wizinfo	60	{ ALL } Drakk   City of Dresden has been struck by a tidal wave.
1790151065	wizinfo	62	Daily backup complete.
1790151506	wizinfo	62	Automated backup complete.
1790158080	wizinfo	60	{ ALL } Drakk   City of Dresden has been struck by a lightning storm.
1790158087	wizinfo	60	{ ALL } Drakk   City of Dresden is no longer a disaster area.
1790160993	wizinfo	60	{ ALL } Drakk   City of Dresden has been struck by a tornado.
1790161000	wizinfo	60	{ ALL } Drakk   City of Dresden is still suffering from a tornado.
1790162371	wizinfo	50	Alaric has left the game (11h 59m).
1790165975	wizinfo	62	Automated backup complete.
1790166602	wizinfo	60	New Object Trap: a little treasure box [Vnum: 29352]
1790174879	wizinfo	60	Eclipse@97.248.95.144 has connected.
1790174881	wizinfo	70	Eclipse has entered the game.
1790177278	wizinfo	70	Eclipse has lost his link.
1790177279	wizinfo	62	Automated backup complete.
1790177279	wizinfo	62	Daily backup complete.
1790178976	wizinfo	62	Automated backup complete.
1790178976	wizinfo	62	Daily backup complete.
1790182229	wizinfo	60	New Object Trap: a chest [Vnum: 1315]
1790185842	wizinfo	60	New Trap: [Room: 9702]
1790193388	wizinfo	62	Automated backup complete.
1790193930	wizinfo	62	Automated backup complete.
1790193930	wizinfo	62	Daily backup complete.
1790197623	wizinfo	62	Automated backup complete.
1790197623	wizinfo	62	Daily backup complete.
1790197623	wizinfo	62	Automated backup complete.
1790197623	wizinfo	62	Daily backup complete.
1790199778	wizinfo	62	Automated backup complete.
1790199778	wizinfo	62	Daily backup complete.
1790204230	wizinfo	60	Alaric@208.126.22.104 has connected.
1790204230	wizinfo	50	Alaric has entered the game.
1790205001	wizinfo	60	New Object Trap: a bronze chest [Vnum: 24123]
1790206865	wizinfo	60	New Object Trap: an iron bound chest [Vnum: 5023]
1790209668	wizinfo	60	New Object Trap: A Silver Chest [Vnum: 25017]
1790209945	wizinfo	60	{ ALL } Drakk   City of Dresden has been struck by an earthquake.
1790209951	wizinfo	60	{ ALL } Drakk   City of Dresden is still suffering from an earthquake.
1790209957	wizinfo	60	{ ALL } Drakk   City of Dresden is still suffering from an earthquake.
1790209963	wizinfo	60	{ ALL } Drakk   City of Dresden is no longer a disaster area.
1790210083	wizinfo	60	{ ALL } Drakk   City of Dresden has been struck by a tornado.
1790210090	wizinfo	60	{ ALL } Drakk   City of Dresden is no longer a disaster area.
1790212346	wizinfo	50	Alaric has lost her link.
1790212347	wizinfo	62	Automated backup complete.
1790212347	wizinfo	62	Daily backup complete.
1790212362	wizinfo	60	Alaric@208.126.22.104 has connected.
1790212363	wizinfo	50	Alaric has entered the game.
1790214361	wizinfo	50	Alaric has lost her link.
1790214516	wizinfo	50	Alaric has left the game (35m).
1790226756	wizinfo	62	Automated backup complete.
1790234616	wizinfo	60	New Object Trap: A Silver Chest [Vnum: 25017]
1790234857	wizinfo	60	New Object Trap: a wooden chest [Vnum: 7910]
1790241200	wizinfo	62	Automated backup complete.
1790251377	wizinfo	60	Killuminati@192.168.0.1 has connected.
1790251377	wizinfo	70	Killuminati has entered the game.
1790251402	wizinfo	70	Killuminati has left the game (25s).
1790251426	wizinfo	62	Automated backup complete.
1790251426	wizinfo	62	Daily backup complete.
1790256881	wizinfo	60	New Trap: [Room: 9695]
1790258978	wizinfo	60	Eclipse@97.248.95.144 has connected.
1790258981	wizinfo	70	Eclipse has entered the game.
1790259126	wizinfo	70	Eclipse has lost his link.
1790259128	wizinfo	62	Automated backup complete.
1790259128	wizinfo	62	Daily backup complete.
1790262398	wizinfo	62	Automated backup complete.
1790262398	wizinfo	62	Daily backup complete.
1790263982	wizinfo	60	Eclipse@97.248.95.144 has connected.
1790263983	wizinfo	70	Eclipse has entered the game.
1790264243	wizinfo	70	Eclipse has lost his link.
1790275541	wizinfo	60	New Object Trap: the coffin [Vnum: 24205]
1790276828	wizinfo	62	Automated backup complete.
1790277974	wizinfo	60	Killuminati@192.168.0.1 has connected.
1790277975	wizinfo	70	Killuminati has entered the game.
1790278598	wizinfo	70	Killuminati has lost his link.
1790278600	wizinfo	62	Automated backup complete.
1790278600	wizinfo	62	Daily backup complete.
1790281419	wizinfo	62	Automated backup complete.
1790281419	wizinfo	62	Daily backup complete.
1790285218	wizinfo	62	Automated backup complete.
1790285218	wizinfo	62	Daily backup complete.
1790285841	wizinfo	62	Automated backup complete.
1790285841	wizinfo	62	Daily backup complete.
1790285881	wizinfo	60	Killuminati@192.168.0.1 has connected.
1790285882	wizinfo	70	Killuminati has entered the game.
1790285885	wizinfo	70	Killuminati has left the game (3s).
1790297983	wizinfo	60	Alaric@208.126.22.104 has connected.
1790297984	wizinfo	50	Alaric has entered the game.
1790300268	wizinfo	62	Automated backup complete.
1790301511	wizinfo	50	Alaric has lost her link.
1790301674	wizinfo	50	Alaric has left the game (1h 01m).
1790303057	wizinfo	60	New Object Trap: the glass cabinet [Vnum: 5308]
1790307738	wizinfo	60	New Object Trap: a parcel [Vnum: 15049]
1790314704	wizinfo	62	Automated backup complete.
1790317424	wizinfo	60	New Object Trap: A Silver Chest [Vnum: 25017]
1790329122	wizinfo	62	Automated backup complete.
1790337246	wizinfo	60	New Object Trap: a chest [Vnum: 1315]
1790343310	wizinfo	62	Automated backup complete.
1790343310	wizinfo	62	Daily backup complete.
1790343652	wizinfo	60	Eclipse@97.248.95.144 has connected.
1790343655	wizinfo	70	Eclipse has entered the game.
1790343668	wizinfo	70	Eclipse has left the game (13s).
1790343693	wizinfo	60	Killuminati@192.168.0.1 has connected.
1790343693	wizinfo	70	Killuminati has entered the game.
1790343869	wizinfo	60	Callista@97.248.95.144 has connected.
1790343870	wizinfo	4	Callista has entered the game.
1790344303	wizinfo	60	Limbo emptied of trash!
1790344303	wizinfo	4	Callista has left the game (7m).
1790345364	wizinfo	60	New Object Trap: A Golden Chest [Vnum: 17017]
1790347272	wizinfo	70	Killuminati has lost his link.
1790347274	wizinfo	62	Automated backup complete.
1790347274	wizinfo	62	Daily backup complete.
1790347816	wizinfo	60	Killuminati@192.168.0.1 has connected.
1790347818	wizinfo	70	Killuminati has entered the game.
1790348744	wizinfo	70	Killuminati has lost his link.
1790348746	wizinfo	62	Automated backup complete.
1790348746	wizinfo	62	Daily backup complete.
1790348851	wizinfo	60	Killuminati@192.168.0.1 has connected.
1790348852	wizinfo	70	Killuminati has entered the game.
1790349376	wizinfo	60	{ ALL } Drakk   City of Dresden has been struck by a tidal wave.
1790351956	wizinfo	70	Killuminati has lost his link.
1790351958	wizinfo	62	Automated backup complete.
1790351958	wizinfo	62	Daily backup complete.
1790352264	wizinfo	60	Killuminati@192.168.0.1 has connected.
1790352265	wizinfo	70	Killuminati has entered the game.
1790357904	wizinfo	60	New Object Trap: A Silver Chest [Vnum: 25017]
1790360030	wizinfo	70	Killuminati has lost his link.
1790360032	wizinfo	62	Automated backup complete.
1790360032	wizinfo	62	Daily backup complete.
1790361663	wizinfo	62	Automated backup complete.
1790361663	wizinfo	62	Daily backup complete.
1790362052	wizinfo	60	Killuminati@192.168.0.1 has connected.
1790362053	wizinfo	70	Killuminati has entered the game.
1790362159	wizinfo	70	Killuminati has lost his link.
1790362161	wizinfo	62	Automated backup complete.
1790362161	wizinfo	62	Daily backup complete.
1790363702	wizinfo	60	Killuminati@192.168.0.1 has connected.
1790363703	wizinfo	70	Killuminati has entered the game.
1790366975	wizinfo	60	New Object Trap: a parcel [Vnum: 15049]
1790367274	wizinfo	70	Killuminati has lost his link.
1790367276	wizinfo	62	Automated backup complete.
1790367276	wizinfo	62	Daily backup complete.
1790367821	wizinfo	60	Killuminati@192.168.0.1 has connected.
1790367822	wizinfo	70	Killuminati has entered the game.
1790369537	wizinfo	60	New Object Trap: A Golden Chest [Vnum: 17017]
1790369543	wizinfo	70	Killuminati has lost his link.
1790369544	wizinfo	62	Automated backup complete.
1790369544	wizinfo	62	Daily backup complete.
1790369872	wizinfo	60	Killuminati@192.168.0.1 has connected.
1790369873	wizinfo	70	Killuminati has entered the game.
1790370060	wizinfo	60	Spellup: Hermie placed in room 4208 by Killuminati.
1790376201	wizinfo	70	Killuminati has left the game (1h 45m).
1790377081	wizinfo	60	Misery@192.168.0.1 has connected.
1790377082	wizinfo	54	Misery has entered the game.
1790377088	wizinfo	54	Misery has left the game (6s).
1790377092	wizinfo	60	Miseri@192.168.0.1 has connected.
1790377093	wizinfo	11	Miseri has entered the game.
1790377124	wizinfo	60	Miseri flagged Miseri for psionics ().
1790377212	info	0	Miseri has achieved level 12!
1790377212	wizinfo	60	Miseri has achieved level 12!
1790377273	wizinfo	12	Miseri has left the game (3m).
1790377821	wizinfo	60	Misery@192.168.0.1 has connected.
1790377822	wizinfo	54	Misery has entered the game.
1790377843	wizinfo	54	Misery has left the game (21s).
1790377850	wizinfo	60	Miseri@192.168.0.1 has connected.
1790377850	wizinfo	12	Miseri has entered the game.
1790377858	wizinfo	12	Miseri has lost his link.
1790377860	wizinfo	62	Automated backup complete.
1790377860	wizinfo	62	Daily backup complete.
1790377960	wizinfo	60	Miseri@192.168.0.1 has connected.
1790377960	wizinfo	12	Miseri has entered the game.
1790378043	wizinfo	12	Miseri has left the game (1m).
1790380792	wizinfo	60	Alaric@208.126.22.104 has connected.
1790380793	wizinfo	50	Alaric has entered the game.
1790387537	wizinfo	65	Alaric has been touched by an angel.
1790388693	wizinfo	50	Alaric has left the game (2h 11m).
1790392278	wizinfo	62	Automated backup complete.
1790406704	wizinfo	62	Automated backup complete.
1790421148	wizinfo	62	Automated backup complete.
1790426040	wizinfo	60	Alaric@208.126.22.104 has connected.
1790426041	wizinfo	50	Alaric has entered the game.
1790426814	wizinfo	60	Miseri@192.168.0.1 has connected.
1790426815	wizinfo	12	Miseri has entered the game.
1790426886	wizinfo	12	Miseri has left the game (1m).
1790426891	wizinfo	60	Killuminati@192.168.0.1 has connected.
1790426892	wizinfo	70	Killuminati has entered the game.
1790426917	wizinfo	60	Spellup: Hermie placed in room 2497 by Killuminati.
1790427102	wizinfo	70	Killuminati has lost his link.
1790427102	wizinfo	50	Alaric has lost her link.
1790427105	wizinfo	62	Automated backup complete.
1790427105	wizinfo	62	Daily backup complete.
1790427128	wizinfo	60	Alaric@208.126.22.104 has connected.
1790427130	wizinfo	50	Alaric has entered the game.
1790427202	wizinfo	60	Killuminati@192.168.0.1 has connected.
1790427203	wizinfo	70	Killuminati has entered the game.
1790427207	wizinfo	60	Spellup: Hermie placed in room 4208 by Killuminati.
1790427216	wizinfo	50	Alaric has left the game (1m).
1790428909	wizinfo	70	Killuminati has lost his link.
1790432005	wizinfo	60	Alaric@208.126.22.104 has connected.
1790432005	wizinfo	50	Alaric has entered the game.
1790432584	wizinfo	60	New Object Trap: A Adamantite Chest [Vnum: 25019]
1790434915	wizinfo	70	Killuminati has reconnected.
1790434965	wizinfo	60	New Object Trap: pellinore's trailpack [Vnum: 730]
1790438170	wizinfo	60	New Object Trap: a bronze chest [Vnum: 24123]
1790441533	wizinfo	70	Killuminati has lost his link.
1790441533	wizinfo	50	Alaric has lost her link.
1790441535	wizinfo	62	Automated backup complete.
1790441535	wizinfo	62	Daily backup complete.
1790441565	wizinfo	60	Killuminati@192.168.0.1 has connected.
1790441566	wizinfo	70	Killuminati has entered the game.
1790441580	wizinfo	70	Killuminati cleared the bug reports.
1790441623	wizinfo	70	Killuminati cleared the typo reports.
1790441653	wizinfo	70	Killuminati cleared the idea reports.
1790441663	wizinfo	60	Spellup: Hermie placed in room 4208 by Killuminati.
1790441671	wizinfo	70	Killuminati has lost his link.
1790445681	wizinfo	60	New Object Trap: a black hole [Vnum: 29226]
1790451746	wizinfo	60	Alaric@208.126.22.104 has connected.
1790451747	wizinfo	50	Alaric has entered the game.
1790452000	info	0	Alaric has set off a trap!!!
1790452000	wizinfo	60	Alaric has set off a Sleep Gas trap!!!
1790455942	wizinfo	62	Automated backup complete.
1790456671	wizinfo	60	New Object Trap: a black hole [Vnum: 29226]
1790459273	wizinfo	60	New Object Trap: book cabinet [Vnum: 20539]
1790470382	wizinfo	62	Automated backup complete.
1790475858	wizinfo	50	Alaric has lost her link.
1790475999	wizinfo	50	Alaric has left the game (6h 44m).
1790478301	wizinfo	60	New Object Trap: the desk [Vnum: 5225]
1790484802	wizinfo	62	Automated backup complete.
1790487746	wizinfo	60	New Object Trap: A Copper Chest [Vnum: 25018]
1790499206	wizinfo	62	Automated backup complete.
1790513610	wizinfo	62	Automated backup complete.
1790519221	wizinfo	60	Alaric@208.126.22.104 has connected.
1790519222	wizinfo	50	Alaric has entered the game.
1790524107	wizinfo	60	Eclipse@97.248.95.144 has connected.
1790524108	wizinfo	70	Eclipse has entered the game.
1790524800	wizinfo	70	Eclipse has lost his link.
1790525646	wizinfo	50	Alaric has left the game (1h 47m).
1790525989	wizinfo	60	Alaric@208.126.22.104 has connected.
1790525989	wizinfo	50	Alaric has entered the game.
1790526110	wizinfo	60	New Object Trap: a wooden chest [Vnum: 6005]
1790527639	wizinfo	50	Alaric has left the game (27m).
1790527985	wizinfo	62	Daily backup complete.
1790528042	wizinfo	62	Automated backup complete.
1790533925	wizinfo	60	Alaric@208.126.22.104 has connected.
1790533926	wizinfo	50	Alaric has entered the game.
1790533930	wizinfo	50	Alaric has left the game (4s).
1790535287	wizinfo	60	Alaric@208.126.22.104 has connected.
1790535287	wizinfo	50	Alaric has entered the game.
1790535291	wizinfo	50	Alaric has left the game (4s).
1790535948	wizinfo	60	Alaric@208.126.22.104 has connected.
1790535948	wizinfo	50	Alaric has entered the game.
1790536220	wizinfo	60	New Object Trap: A Huge Chest [Vnum: 9931]
1790537277	wizinfo	50	Alaric has left the game (22m).
1790539016	wizinfo	60	Alaric@208.126.22.104 has connected.
1790539016	wizinfo	50	Alaric has entered the game.
1790540343	wizinfo	50	Alaric has left the game (22m).
1790542468	wizinfo	62	Automated backup complete.
1790549487	wizinfo	60	Alaric@208.126.22.104 has connected.
1790549488	wizinfo	50	Alaric has entered the game.
1790551711	wizinfo	50	Alaric has lost her link.
1790551854	wizinfo	50	Alaric has left the game (39m).
1790552174	wizinfo	60	{ ALL } Drakk   City of Dresden has been struck by an earthquake.
1790552181	wizinfo	60	{ ALL } Drakk   City of Dresden is no longer a disaster area.
1790553280	wizinfo	60	Alaric@208.126.22.104 has connected.
1790553280	wizinfo	50	Alaric has entered the game.
1790556709	wizinfo	50	Alaric has left the game (57m).
1790556874	wizinfo	62	Automated backup complete.
1790559228	wizinfo	60	Alaric@208.126.22.104 has connected.
1790559229	wizinfo	50	Alaric has entered the game.
1790559908	wizinfo	60	New Object Trap: the coffin [Vnum: 24205]
1790560536	wizinfo	50	Alaric has left the game (21m).
1790571314	wizinfo	62	Automated backup complete.
1790574089	wizinfo	60	New Object Trap: A Golden Chest [Vnum: 17017]
1790585736	wizinfo	62	Automated backup complete.
1790588641	wizinfo	60	New Object Trap: A Golden Chest [Vnum: 25016]
1790593655	wizinfo	60	Alaric@208.126.22.104 has connected.
1790593656	wizinfo	50	Alaric has entered the game.
1790593687	wizinfo	50	Alaric has left the game (31s).
1790599992	wizinfo	62	Automated backup complete.
1790599992	wizinfo	62	Daily backup complete.
1790601102	wizinfo	62	Automated backup complete.
1790601102	wizinfo	62	Daily backup complete.
1790601633	wizinfo	62	Automated backup complete.
1790601633	wizinfo	62	Daily backup complete.
1790604216	wizinfo	62	Automated backup complete.
1790604216	wizinfo	62	Daily backup complete.
1790606176	wizinfo	62	Automated backup complete.
1790606176	wizinfo	62	Daily backup complete.
1790606521	wizinfo	60	Killuminati@192.168.0.1 has connected.
1790606522	wizinfo	70	Killuminati has entered the game.
1790606528	wizinfo	60	Spellup: Hermie placed in room 4208 by Killuminati.
1790608028	wizinfo	70	Killuminati has lost his link.
1790608030	wizinfo	62	Automated backup complete.
1790608030	wizinfo	62	Daily backup complete.
1790608516	wizinfo	60	Killuminati@192.168.0.1 has connected.
1790608517	wizinfo	70	Killuminati has entered the game.
1790608531	wizinfo	60	Spellup: Hermie placed in room 4208 by Killuminati.
1790608548	wizinfo	60	Spellup: Hermie placed in room 2401 by Killuminati.
1790610700	wizinfo	60	Killuminati empowered Killuminati (permanent).
1790610703	wizinfo	60	Killuminati made Killuminati titanic (permanent).
1790616327	wizinfo	60	Killuminati gave a newbie pack to Killuminati.
1790618008	wizinfo	70	Killuminati has lost his link.
1790618008	wizinfo	60	New Trap: [Room: 24248]
1790618009	wizinfo	62	Automated backup complete.
1790618009	wizinfo	62	Daily backup complete.
1790621196	wizinfo	62	Automated backup complete.
1790621196	wizinfo	62	Daily backup complete.
1790628014	wizinfo	62	Automated backup complete.
1790628014	wizinfo	62	Daily backup complete.
1790628317	wizinfo	60	Killuminati@192.168.0.1 has connected.
1790628317	wizinfo	70	Killuminati has entered the game.
1790628322	wizinfo	60	Spellup: Hermie placed in room 4208 by Killuminati.
1790635385	wizinfo	70	Killuminati has lost his link.
1790635387	wizinfo	62	Automated backup complete.
1790635387	wizinfo	62	Daily backup complete.
1790637704	wizinfo	60	Killuminati@192.168.0.1 has connected.
1790637705	wizinfo	70	Killuminati has entered the game.
1790637850	wizinfo	70	Killuminati has lost his link.
1790637852	wizinfo	62	Automated backup complete.
1790637852	wizinfo	62	Daily backup complete.
1790637869	wizinfo	60	Killuminati@192.168.0.1 has connected.
1790637870	wizinfo	70	Killuminati has entered the game.
1790637985	wizinfo	60	Alaric@208.126.22.104 has connected.
1790637986	wizinfo	50	Alaric has entered the game.
1790638010	wizinfo	60	Spellup: Hermie placed in room 2401 by Killuminati.
1790639491	wizinfo	70	Killuminati has lost his link.
1790639492	wizinfo	50	Alaric has lost her link.
1790639493	wizinfo	62	Automated backup complete.
1790639493	wizinfo	62	Daily backup complete.
1790639508	wizinfo	60	Killuminati@192.168.0.1 has connected.
1790639508	wizinfo	70	Killuminati has entered the game.
1790639517	wizinfo	60	Spellup: Hermie placed in room 2401 by Killuminati.
1790639520	wizinfo	60	Alaric@208.126.22.104 has connected.
1790639521	wizinfo	50	Alaric has entered the game.
1790639665	wizinfo	70	Killuminati has left the game (2m).
1790642082	wizinfo	60	Killuminati@108.81.26.245 has connected.
1790642083	wizinfo	70	Killuminati has entered the game.
1790642495	wizinfo	70	Killuminati has lost his link.
1790642532	wizinfo	70	Killuminati has reconnected.
1790643327	wizinfo	70	Killuminati has lost his link.
1790643327	wizinfo	70	Killuminati has reconnected.
1790643501	wizinfo	70	Killuminati has lost his link.
1790643530	wizinfo	70	Killuminati has reconnected.
1790645871	wizinfo	60	{ ALL } Drakk   City of Dresden has been struck by brush fire.
1790646666	wizinfo	70	Killuminati has lost his link.
1790646666	wizinfo	70	Killuminati has reconnected.
1790647207	wizinfo	70	Killuminati has lost his link.
1790647207	wizinfo	50	Alaric has lost her link.
1790647209	wizinfo	62	Automated backup complete.
1790647209	wizinfo	62	Daily backup complete.
1790647218	wizinfo	60	Killuminati@108-81-26-245.lightspeed.tukrga.sbcglobal.net has connected.
1790647220	wizinfo	70	Killuminati has entered the game.
1790647229	wizinfo	60	Alaric@208.126.22.104 has connected.
1790647229	wizinfo	50	Alaric has entered the game.
1790647936	wizinfo	70	Killuminati has lost his link.
1790647936	wizinfo	70	Killuminati has reconnected.
1790648483	wizinfo	70	Killuminati has lost his link.
1790648483	wizinfo	50	Alaric has lost her link.
1790648484	wizinfo	62	Automated backup complete.
1790648484	wizinfo	62	Daily backup complete.
1790648484	wizinfo	60	New Object Trap: a wooden chest [Vnum: 7910]
1790648499	wizinfo	60	Killuminati@108.81.26.245 has connected.
1790648500	wizinfo	70	Killuminati has entered the game.
1790648525	wizinfo	60	Alaric@208.126.22.104 has connected.
1790648525	wizinfo	50	Alaric has entered the game.
1790648624	wizinfo	50	Alaric has left the game (1m).
1790648849	wizinfo	70	Killuminati cleared the bug reports into bugs.txt.20260928-222729.
1790649769	wizinfo	70	Killuminati has lost his link.
1790651070	wizinfo	60	Eclipse@67.40.70.6 has connected.
1790651074	wizinfo	70	Eclipse has entered the game.
1790656561	wizinfo	60	 70} Elrond  Valhalla has been struck by an earthquake.
1790656569	wizinfo	60	 70} Elrond  Valhalla is still suffering from an earthquake.
1790656575	wizinfo	60	 70} Elrond  Valhalla is still suffering from an earthquake.
1790656581	wizinfo	60	 70} Elrond  Valhalla is no longer a disaster area.
1790660289	wizinfo	60	New Object Trap: A Golden Chest [Vnum: 25016]
1790662831	wizinfo	60	New Object Trap: the magnetically shielded safe [Vnum: 8004]
1790662945	wizinfo	62	Automated backup complete.
1790666865	wizinfo	70	Eclipse has lost his link.
1790671211	wizinfo	60	 70} Elrond  Valhalla has been struck by an earthquake.
1790671217	wizinfo	60	 70} Elrond  Valhalla is still suffering from an earthquake.
1790671223	wizinfo	60	 70} Elrond  Valhalla is still suffering from an earthquake.
1790671230	wizinfo	60	 70} Elrond  Valhalla is still suffering from an earthquake.
1790671236	wizinfo	60	 70} Elrond  Valhalla is still suffering from an earthquake.
1790671243	wizinfo	60	 70} Elrond  Valhalla is still suffering from an earthquake.
1790671250	wizinfo	60	 70} Elrond  Valhalla is still suffering from an earthquake.
1790671257	wizinfo	60	 70} Elrond  Valhalla is still suffering from an earthquake.
1790671264	wizinfo	60	 70} Elrond  Valhalla is no longer a disaster area.
1790677362	wizinfo	62	Automated backup complete.
1790693263	wizinfo	62	Automated backup complete.
1790693263	wizinfo	62	Daily backup complete.
1790695247	wizinfo	62	Automated backup complete.
1790695247	wizinfo	62	Daily backup complete.
1790695353	wizinfo	60	New Object Trap: a black hole [Vnum: 29226]
1790698086	wizinfo	60	New Object Trap: the desk [Vnum: 5225]
1790698276	wizinfo	62	Automated backup complete.
1790698276	wizinfo	62	Daily backup complete.
1790698327	wizinfo	62	Automated backup complete.
1790698327	wizinfo	62	Daily backup complete.
1790698405	wizinfo	62	Automated backup complete.
1790698405	wizinfo	62	Daily backup complete.
1790698427	wizinfo	60	Killuminati@192.168.0.1 has connected.
1790698428	wizinfo	70	Killuminati has entered the game.
1790698444	wizinfo	70	Killuminati cleared the bug reports into bugs.txt.20260929-161404.
1790698447	wizinfo	70	Killuminati cleared the typo reports into typos.txt.20260929-161407.
1790698449	wizinfo	70	Killuminati cleared the idea reports into ideas.txt.20260929-161409.
1790698731	wizinfo	70	Killuminati has lost his link.
1790698732	wizinfo	62	Automated backup complete.
1790698732	wizinfo	62	Daily backup complete.
1790699944	wizinfo	60	Killuminati@192.168.0.1 has connected.
1790699948	wizinfo	70	Killuminati has entered the game.
1790700094	wizinfo	60	Spellup: Hermie placed in room 4208 by Killuminati.
1790701050	wizinfo	70	Killuminati has lost his link.
1790701052	wizinfo	62	Automated backup complete.
1790701052	wizinfo	62	Daily backup complete.
1790701197	wizinfo	60	Killuminati@192.168.0.1 has connected.
1790701199	wizinfo	70	Killuminati has entered the game.
1790703132	wizinfo	70	Killuminati has lost his link.
1790703133	wizinfo	62	Automated backup complete.
1790703133	wizinfo	62	Daily backup complete.
1790703257	wizinfo	62	Automated backup complete.
1790703257	wizinfo	62	Daily backup complete.
1790703359	wizinfo	60	Killuminati@192.168.0.1 has connected.
1790703360	wizinfo	70	Killuminati has entered the game.
1790703426	wizinfo	60	Spellup: Hermie placed in room 4208 by Killuminati.
1790706704	wizinfo	70	Killuminati has lost his link.
1790706704	wizinfo	62	Automated backup complete.
1790706704	wizinfo	62	Daily backup complete.
1790710048	wizinfo	60	Killuminati@192.168.0.1 has connected.
1790710054	wizinfo	70	Killuminati has entered the game.
1790711014	wizinfo	60	{1 70} Killum Hyrule has been struck by an earthquake.
1790711021	wizinfo	60	{1 70} Killum Hyrule is still suffering from an earthquake.
1790711027	wizinfo	60	{1 70} Killum Hyrule is still suffering from an earthquake.
1790711034	wizinfo	60	{1 70} Killum Hyrule is no longer a disaster area.
1790711304	wizinfo	70	Killuminati has lost his link.
1790711305	wizinfo	62	Automated backup complete.
1790711305	wizinfo	62	Daily backup complete.
1790711458	wizinfo	62	Automated backup complete.
1790711458	wizinfo	62	Daily backup complete.
1790711499	wizinfo	60	Misery@192.168.0.1 has connected.
1790711500	wizinfo	54	Misery has entered the game.
1790711599	wizinfo	60	Spellup: Hermie placed in room 2401 by Misery.
1790711603	wizinfo	60	Misery empowered Misery (temporary).
1790711614	wizinfo	60	Misery made Misery titanic (temporary).
1790711721	wizinfo	54	Misery has left the game (3m).
1790722750	wizinfo	60	Alaric@208.126.22.104 has connected.
1790722751	wizinfo	50	Alaric has entered the game.
1790723561	wizinfo	60	New Trap: [Room: 20153]
1790724319	wizinfo	60	Killuminati@108.81.26.245 has connected.
1790724320	wizinfo	70	Killuminati has entered the game.
1790725903	wizinfo	62	Automated backup complete.
1790726011	wizinfo	60	Killuminati turned DNS lookups on.
1790726471	wizinfo	70	Killuminati has lost his link.
1790726560	wizinfo	70	Killuminati has reconnected.
1790726960	wizinfo	70	Killuminati has lost his link.
1790733872	wizinfo	50	Alaric has left the game (3h 05m).
1790735478	wizinfo	60	New Object Trap: the desk [Vnum: 5225]
1790740341	wizinfo	62	Automated backup complete.
1790754742	wizinfo	62	Automated backup complete.
1790756128	wizinfo	62	Automated backup complete.
1790756128	wizinfo	62	Daily backup complete.
1790770551	wizinfo	62	Automated backup complete.
1790776089	wizinfo	60	Eclipse@97.248.95.144 has connected.
1790776090	wizinfo	70	Eclipse has entered the game.
1790776407	wizinfo	70	Eclipse has lost his link.
1790776407	wizinfo	62	Automated backup complete.
1790776407	wizinfo	62	Daily backup complete.
1790776425	wizinfo	60	Eclipse@97.248.95.144 has connected.
1790776428	wizinfo	70	Eclipse has entered the game.
1790779056	wizinfo	70	Eclipse has lost his link.
1790779056	wizinfo	62	Automated backup complete.
1790779056	wizinfo	62	Daily backup complete.
1790779649	wizinfo	60	Killuminati@192.168.0.1 has connected.
1790779650	wizinfo	70	Killuminati has entered the game.
1790779975	wizinfo	70	Killuminati has lost his link.
1790779976	wizinfo	62	Automated backup complete.
1790779976	wizinfo	62	Daily backup complete.
1790780077	wizinfo	60	Killuminati@192.168.0.1 has connected.
1790780079	wizinfo	70	Killuminati has entered the game.
1790780102	wizinfo	70	Killuminati cleared the bug reports into bugs.txt.20260930-145502.
1790780141	wizinfo	60	Eclipse@97.248.95.144 has connected.
1790780142	wizinfo	70	Eclipse has entered the game.
1790780265	wizinfo	70	Eclipse has lost his link.
1790780265	wizinfo	70	Killuminati has lost his link.
1790780266	wizinfo	62	Automated backup complete.
1790780266	wizinfo	62	Daily backup complete.
1790780286	wizinfo	60	Eclipse@97.248.95.144 has connected.
1790780288	wizinfo	70	Eclipse has entered the game.
1790780789	wizinfo	70	Eclipse has lost his link.
1790780789	wizinfo	62	Automated backup complete.
1790780789	wizinfo	62	Daily backup complete.
1790780810	wizinfo	60	Eclipse@97.248.95.144 has connected.
1790780810	wizinfo	70	Eclipse has entered the game.
1790780977	wizinfo	60	Killuminati@192.168.0.1 has connected.
1790780978	wizinfo	70	Killuminati has entered the game.
1790781266	wizinfo	60	Misery@192.168.0.1 has connected.
1790781268	wizinfo	54	Misery has entered the game.
1790781271	wizinfo	54	Misery has left the game (3s).
1790781495	wizinfo	60	New Object Trap: a bronze chest [Vnum: 24123]
1790782011	wizinfo	70	Killuminati has lost his link.
1790782011	wizinfo	70	Eclipse has lost his link.
1790782011	wizinfo	62	Automated backup complete.
1790782011	wizinfo	62	Daily backup complete.
1790782027	wizinfo	60	Eclipse@97.248.95.144 has connected.
1790782029	wizinfo	70	Eclipse has entered the game.
1790782074	wizinfo	60	Killuminati@192.168.0.1 has connected.
1790782075	wizinfo	70	Killuminati has entered the game.
1790782289	wizinfo	70	Killuminati has lost his link.
1790782289	wizinfo	70	Eclipse has lost his link.
1790782290	wizinfo	62	Automated backup complete.
1790782290	wizinfo	62	Daily backup complete.
1790782305	wizinfo	60	Eclipse@97.248.95.144 has connected.
1790782308	wizinfo	70	Eclipse has entered the game.
1790782583	wizinfo	70	Eclipse has lost his link.
1790782583	wizinfo	62	Automated backup complete.
1790782583	wizinfo	62	Daily backup complete.
1790782610	wizinfo	60	Eclipse@97.248.95.144 has connected.
1790782611	wizinfo	70	Eclipse has entered the game.
1790782943	wizinfo	60	Killuminati@192.168.0.1 has connected.
1790782944	wizinfo	70	Killuminati has entered the game.
1790783233	wizinfo	70	Killuminati has lost his link.
1790783233	wizinfo	70	Eclipse has lost his link.
1790783234	wizinfo	62	Automated backup complete.
1790783234	wizinfo	62	Daily backup complete.
1790784440	wizinfo	62	Automated backup complete.
1790784440	wizinfo	62	Daily backup complete.
1790784491	wizinfo	60	Eclipse@97.248.95.144 has connected.
1790784492	wizinfo	70	Eclipse has entered the game.
1790785336	wizinfo	70	Eclipse has lost his link.
1790785337	wizinfo	62	Automated backup complete.
1790785337	wizinfo	62	Daily backup complete.
1790785480	wizinfo	60	Eclipse@97.248.95.144 has connected.
1790785481	wizinfo	70	Eclipse has entered the game.
1790785993	wizinfo	70	Eclipse has lost his link.
1790785994	wizinfo	62	Automated backup complete.
1790785994	wizinfo	62	Daily backup complete.
1790795568	wizinfo	60	New Object Trap: A Huge Chest [Vnum: 9931]
1790796674	wizinfo	60	Killuminati@192.168.0.1 has connected.
1790796675	wizinfo	70	Killuminati has entered the game.
1790797486	wizinfo	60	Killuminati made Killuminati titanic (permanent).
1790797491	wizinfo	60	Killuminati empowered Killuminati (permanent).
1790797520	wizinfo	70	Killuminati has lost his link.
1790797521	wizinfo	62	Automated backup complete.
1790797521	wizinfo	62	Daily backup complete.
1790800113	wizinfo	60	Killuminati@192.168.0.1 has connected.
1790800114	wizinfo	70	Killuminati has entered the game.
1790800380	wizinfo	70	Killuminati has lost his link.
1790800381	wizinfo	62	Automated backup complete.
1790800381	wizinfo	62	Daily backup complete.
1790800389	wizinfo	60	Killuminati@192.168.0.1 has connected.
1790800391	wizinfo	70	Killuminati has entered the game.
1790800394	wizinfo	60	Spellup: Hermie placed in room 2401 by Killuminati.
1790803416	wizinfo	70	Killuminati has lost his link.
1790803417	wizinfo	62	Automated backup complete.
1790803417	wizinfo	62	Daily backup complete.
1790806744	wizinfo	60	Alaric@208.126.22.104 has connected.
1790806745	wizinfo	50	Alaric has entered the game.
1790808140	wizinfo	60	Killuminati@108-81-26-245.lightspeed.tukrga.sbcglobal.net has connected.
1790808141	wizinfo	70	Killuminati has entered the game.
1790809147	wizinfo	70	Killuminati has lost his link.
1790809481	wizinfo	50	Alaric has lost her link.
1790810805	wizinfo	50	Alaric has left the game (1h 07m).
1790811285	wizinfo	60	Alaric@208.126.22.104 has connected.
1790811286	wizinfo	50	Alaric has entered the game.
1790815519	wizinfo	60	Alaric has TK'd corpse fresh altar from room 24210
1790815553	wizinfo	60	Alaric has TK'd corpse cadaver from room 2804
1790815568	wizinfo	60	Alaric has TK'd filet rat from room 20189
1790815579	wizinfo	60	Alaric has TK'd carcass rat dead from room 16033
1790815588	wizinfo	60	Alaric has TK'd bones bone pile from room 707
1790815758	wizinfo	60	Alaric has TK'd stick from room 6540
1790815761	wizinfo	60	Alaric has TK'd stick from room 6503
1790815763	wizinfo	60	Alaric has TK'd stick from room 6505
1790815764	wizinfo	60	Alaric has TK'd stick from room 6513
1790815767	wizinfo	60	Alaric has TK'd stick from room 6534
1790815768	wizinfo	60	Alaric has TK'd dagger stick sword-stick from room 20553
1790816416	wizinfo	70	Killuminati has reconnected.
1790817065	wizinfo	60	Spellup: Hermie placed in room 4208 by Killuminati.
1790817116	wizinfo	60	New Object Trap: a black hole [Vnum: 29226]
1790817208	wizinfo	70	Killuminati has left the game (2h 31m).
1790817216	wizinfo	60	Misery@108-81-26-245.lightspeed.tukrga.sbcglobal.net has connected.
1790817217	wizinfo	54	Misery has entered the game.
1790817594	wizinfo	60	Alaric killed in arena by Misery at 2609
1790817660	wizinfo	60	Alaric empowered Alaric (temporary).
1790817660	wizinfo	60	Alaric made Alaric titanic (temporary).
1790817694	wizinfo	54	Misery has left the game (7m).
1790817701	wizinfo	60	Killuminati@108-81-26-245.lightspeed.tukrga.sbcglobal.net has connected.
1790817702	wizinfo	70	Killuminati has entered the game.
1790817880	wizinfo	62	Automated backup complete.
1790820239	wizinfo	60	Spellup: Hermie placed in room 2401 by Killuminati.
1790820259	wizinfo	60	Alaric empowered Alaric (temporary).
1790820259	wizinfo	60	Alaric made Alaric titanic (temporary).
1790820267	wizinfo	70	Alaric weapon has been smited!
1790820671	wizinfo	50	Alaric has left the game (2h 36m).
1790820768	wizinfo	70	Killuminati has left the game (51m).
1790821551	wizinfo	60	Miseri@108-81-26-245.lightspeed.tukrga.sbcglobal.net has connected.
1790821552	wizinfo	12	Miseri has entered the game.
1790821928	wizinfo	12	Miseri has lost his link.
1790821929	wizinfo	62	Automated backup complete.
1790821929	wizinfo	62	Daily backup complete.
1790821945	wizinfo	60	Miseri@108-81-26-245.lightspeed.tukrga.sbcglobal.net has connected.
1790821946	wizinfo	12	Miseri has entered the game.
1790822167	wizinfo	12	Miseri has left the game (3m).
1790822174	wizinfo	60	Misery@108-81-26-245.lightspeed.tukrga.sbcglobal.net has connected.
1790822176	wizinfo	54	Misery has entered the game.
1790822822	wizinfo	54	Misery has left the game (10m).
1790823256	wizinfo	60	New Object Trap: the coffin [Vnum: 24205]
1790823291	wizinfo	60	Killuminati@108-81-26-245.lightspeed.tukrga.sbcglobal.net has connected.
1790823292	wizinfo	70	Killuminati has entered the game.
1790823304	wizinfo	60	Killuminati reset the password for offline player Milenko.
1790823307	wizinfo	70	Killuminati has left the game (15s).
1790823314	wizinfo	60	Milenko@108-81-26-245.lightspeed.tukrga.sbcglobal.net has connected.
1790823315	wizinfo	52	Milenko has entered the game.
1790823409	wizinfo	52	Milenko has left the game (1m).
1790823530	wizinfo	60	Misery@108-81-26-245.lightspeed.tukrga.sbcglobal.net has connected.
1790823531	wizinfo	54	Misery has entered the game.
1790824646	wizinfo	54	Misery has lost her link.
1790824647	wizinfo	62	Automated backup complete.
1790824647	wizinfo	62	Daily backup complete.
1790824714	wizinfo	60	New Object Trap: the glass cabinet [Vnum: 5227]
1790825759	wizinfo	60	Misery@108-81-26-245.lightspeed.tukrga.sbcglobal.net has connected.
1790825760	wizinfo	54	Misery has entered the game.
1790825770	wizinfo	70	Misery cleared the bug reports into bugs.txt.20261001-033610.
1790826732	wizinfo	54	Misery has lost her link.
1790826732	wizinfo	62	Automated backup complete.
1790826732	wizinfo	62	Daily backup complete.
1790827425	wizinfo	60	Misery@108-81-26-245.lightspeed.tukrga.sbcglobal.net has connected.
1790827426	wizinfo	54	Misery has entered the game.
1790827552	wizinfo	54	Misery has left the game (2m).
1790827561	wizinfo	60	Killuminati@108-81-26-245.lightspeed.tukrga.sbcglobal.net has connected.
1790827561	wizinfo	70	Killuminati has entered the game.
1790827569	wizinfo	60	New Object Trap: the glass cabinet [Vnum: 5227]
1790827956	wizinfo	60	{ ALL } ToC     The Training Yard has been struck by a tornado.
1790827963	wizinfo	60	{ ALL } ToC     The Training Yard is still suffering from a tornado.
1790827971	wizinfo	60	{ ALL } ToC     The Training Yard is still suffering from a tornado.
1790827978	wizinfo	60	{ ALL } ToC     The Training Yard is still suffering from a tornado.
1790827985	wizinfo	60	{ ALL } ToC     The Training Yard is no longer a disaster area.
1790828481	wizinfo	70	Killuminati has lost his link.
1790828482	wizinfo	62	Automated backup complete.
1790828482	wizinfo	62	Daily backup complete.
1790828655	wizinfo	60	Misery@108-81-26-245.lightspeed.tukrga.sbcglobal.net has connected.
1790828656	wizinfo	54	Misery has entered the game.
1790829247	wizinfo	54	Misery has left the game (9m).
1790829255	wizinfo	60	Tyrant@108-81-26-245.lightspeed.tukrga.sbcglobal.net has connected.
1790829256	wizinfo	34	Tyrant has entered the game.
1790829643	wizinfo	34	Tyrant has left the game (6m).
1790829650	wizinfo	60	Astarte@108-81-26-245.lightspeed.tukrga.sbcglobal.net has connected.
1790829651	wizinfo	51	Astarte has entered the game.
1790829853	wizinfo	51	Astarte has lost his link.
1790829858	wizinfo	60	Killuminati@108-81-26-245.lightspeed.tukrga.sbcglobal.net has connected.
1790829860	wizinfo	70	Killuminati has entered the game.
1790829884	wizinfo	70	Killuminati has left the game (24s).
1790829891	wizinfo	51	Astarte has reconnected.
1790830069	wizinfo	51	Astarte has lost his link.
1790830072	wizinfo	60	Killuminati@108-81-26-245.lightspeed.tukrga.sbcglobal.net has connected.
1790830073	wizinfo	70	Killuminati has entered the game.
1790830079	wizinfo	60	Spellup: Hermie placed in room 2419 by Killuminati.
1790830085	wizinfo	60	Killuminati set Astarte's trust to 70.
1790830087	wizinfo	70	Killuminati has left the game (14s).
1790830093	wizinfo	51	Astarte has reconnected.
1790830097	wizinfo	60	Astarte empowered Astarte (temporary).
1790830097	wizinfo	60	Astarte made Astarte titanic (temporary).
1790832094	wizinfo	60	Limbo emptied of trash!
1790832094	wizinfo	51	Astarte has left the game (40m).
1790835411	wizinfo	62	Automated backup complete.
1790835411	wizinfo	62	Daily backup complete.
1790835877	wizinfo	60	Misery@108-81-26-245.lightspeed.tukrga.sbcglobal.net has connected.
1790835878	wizinfo	54	Misery has entered the game.
1790836388	wizinfo	54	Misery has lost her link.
1790836391	wizinfo	60	Astarte@108-81-26-245.lightspeed.tukrga.sbcglobal.net has connected.
1790836392	wizinfo	51	Astarte has entered the game.
1790836635	wizinfo	51	Astarte has left the game (4m).
1790836644	wizinfo	60	Tyrant@108-81-26-245.lightspeed.tukrga.sbcglobal.net has connected.
1790836645	wizinfo	34	Tyrant has entered the game.
1790837027	wizinfo	34	Tyrant has lost her link.
1790837032	wizinfo	60	Milenko@108-81-26-245.lightspeed.tukrga.sbcglobal.net has connected.
1790837033	wizinfo	52	Milenko has entered the game.
1790837092	wizinfo	52	Milenko has left the game (59s).
1790837098	wizinfo	54	Misery has reconnected.
1790837485	wizinfo	54	Misery has lost her link.
1790837486	wizinfo	62	Automated backup complete.
1790837486	wizinfo	62	Daily backup complete.
1790837500	wizinfo	60	Misery@108-81-26-245.lightspeed.tukrga.sbcglobal.net has connected.
1790837501	wizinfo	54	Misery has entered the game.
1790838172	wizinfo	54	Misery has left the game (11m).
1790838178	wizinfo	60	Tyrant@108-81-26-245.lightspeed.tukrga.sbcglobal.net has connected.
1790838178	wizinfo	34	Tyrant has entered the game.
1790838279	wizinfo	34	Tyrant has lost her link.
1790838283	wizinfo	60	Killuminati@108-81-26-245.lightspeed.tukrga.sbcglobal.net has connected.
1790838283	wizinfo	70	Killuminati has entered the game.
1790838287	wizinfo	60	Killuminati set Tyrant's trust to 70.
1790838391	wizinfo	70	Killuminati has left the game (1m).
1790838398	wizinfo	60	Astarte@108-81-26-245.lightspeed.tukrga.sbcglobal.net has connected.
1790838399	wizinfo	51	Astarte has entered the game.
1790838411	wizinfo	60	Spellup: Hermie placed in room 2419 by Astarte.
1790838414	wizinfo	60	Astarte empowered Astarte (temporary).
1790838414	wizinfo	60	Astarte made Astarte titanic (temporary).
1790838539	wizinfo	51	Astarte has lost his link.
1790838540	wizinfo	62	Automated backup complete.
1790838540	wizinfo	62	Daily backup complete.
1790838590	wizinfo	60	Milenko@108-81-26-245.lightspeed.tukrga.sbcglobal.net has connected.
1790838591	wizinfo	52	Milenko has entered the game.
1790838606	wizinfo	52	Milenko has lost his link.
1790838609	wizinfo	60	Killuminati@108-81-26-245.lightspeed.tukrga.sbcglobal.net has connected.
1790838610	wizinfo	70	Killuminati has entered the game.
1790838622	wizinfo	60	Killuminati set Milenko's trust to 70.
1790838625	wizinfo	70	Killuminati has left the game (15s).
1790838634	wizinfo	52	Milenko has reconnected.
1790838997	wizinfo	52	Milenko has lost his link.
1790838999	wizinfo	60	Tyrant@108-81-26-245.lightspeed.tukrga.sbcglobal.net has connected.
1790839000	wizinfo	34	Tyrant has entered the game.
1790839182	wizinfo	34	Tyrant has left the game (3m).
1790839188	wizinfo	60	Misery@108-81-26-245.lightspeed.tukrga.sbcglobal.net has connected.
1790839190	wizinfo	54	Misery has entered the game.
1790839251	wizinfo	60	Spellup: Hermie placed in room 2419 by Misery.
1790839254	wizinfo	60	Misery empowered Misery (temporary).
1790839254	wizinfo	60	Misery made Misery titanic (temporary).
1790839551	wizinfo	54	Misery has left the game (6m).
1790839566	wizinfo	60	Astarte@108-81-26-245.lightspeed.tukrga.sbcglobal.net has connected.
1790839567	wizinfo	51	Astarte has entered the game.
1790839667	wizinfo	60	Misery@108-81-26-245.lightspeed.tukrga.sbcglobal.net has connected.
1790839670	wizinfo	54	Misery has entered the game.
1790839792	wizinfo	54	Misery has left the game (2m).
1790839939	wizinfo	60	Misery@108-81-26-245.lightspeed.tukrga.sbcglobal.net has connected.
1790839940	wizinfo	54	Misery has entered the game.
1790839954	wizinfo	54	Misery has left the game (14s).
1790839962	wizinfo	60	Killuminati@108-81-26-245.lightspeed.tukrga.sbcglobal.net has connected.
1790839963	wizinfo	70	Killuminati has entered the game.
1790839983	wizinfo	60	Killuminati set Astarte's trust to 69.
1790839993	wizinfo	70	Killuminati has lost his link.
1790839993	wizinfo	51	Astarte has lost his link.
1790839994	wizinfo	62	Automated backup complete.
1790839994	wizinfo	62	Daily backup complete.
1790840005	wizinfo	60	Astarte@108-81-26-245.lightspeed.tukrga.sbcglobal.net has connected.
1790840006	wizinfo	51	Astarte has entered the game.
1790840021	wizinfo	60	Spellup: Hermie placed in room 2419 by Astarte.
1790840241	wizinfo	51	Astarte has left the game (3m).
1790840246	wizinfo	60	Tyrant@108-81-26-245.lightspeed.tukrga.sbcglobal.net has connected.
1790840246	wizinfo	34	Tyrant has entered the game.
1790840257	wizinfo	60	Tyrant empowered Tyrant (temporary).
1790840257	wizinfo	60	Tyrant made Tyrant titanic (temporary).
1790840453	wizinfo	34	Tyrant has lost her link.
1790840454	wizinfo	62	Automated backup complete.
1790840454	wizinfo	62	Daily backup complete.
1790840463	wizinfo	60	Tyrant@108-81-26-245.lightspeed.tukrga.sbcglobal.net has connected.
1790840463	wizinfo	34	Tyrant has entered the game.
1790840488	wizinfo	34	Tyrant has left the game (25s).
1790840493	wizinfo	60	Astarte@108-81-26-245.lightspeed.tukrga.sbcglobal.net has connected.
1790840494	wizinfo	51	Astarte has entered the game.
1790840870	wizinfo	51	Astarte has lost his link.
1790840871	wizinfo	62	Automated backup complete.
1790840871	wizinfo	62	Daily backup complete.
1790840880	wizinfo	60	Astarte@108-81-26-245.lightspeed.tukrga.sbcglobal.net has connected.
1790840881	wizinfo	51	Astarte has entered the game.
1790840993	wizinfo	51	Astarte has left the game (1m).
1790841001	wizinfo	60	Milenko@108-81-26-245.lightspeed.tukrga.sbcglobal.net has connected.
1790841002	wizinfo	52	Milenko has entered the game.
1790841038	wizinfo	60	Spellup: Hermie placed in room 2419 by Milenko.
1790841038	wizinfo	60	Milenko empowered Milenko (temporary).
1790841038	wizinfo	60	Milenko made Milenko titanic (temporary).
1790841421	wizinfo	52	Milenko has left the game (6m).
1790841651	wizinfo	60	Killuminati@108-81-26-245.lightspeed.tukrga.sbcglobal.net has connected.
1790841652	wizinfo	70	Killuminati has entered the game.
1790841770	wizinfo	70	Killuminati has lost his link.
1790841963	wizinfo	62	Automated backup complete.
1790841963	wizinfo	62	Daily backup complete.
1790841978	wizinfo	60	Killuminati@108-81-26-245.lightspeed.tukrga.sbcglobal.net has connected.
1790841978	wizinfo	70	Killuminati has entered the game.
1790842239	wizinfo	70	Killuminati has left the game (4m).
1790842312	wizinfo	60	Misery@108-81-26-245.lightspeed.tukrga.sbcglobal.net has connected.
1790842313	wizinfo	54	Misery has entered the game.
1790842410	wizinfo	60	Spellup: Hermie placed in room 2401 by Misery.
1790842603	wizinfo	54	Misery has lost her link.
1790842603	wizinfo	62	Automated backup complete.
1790842603	wizinfo	62	Daily backup complete.
1790842616	wizinfo	60	Misery@108-81-26-245.lightspeed.tukrga.sbcglobal.net has connected.
1790842617	wizinfo	54	Misery has entered the game.
1790843331	wizinfo	54	Misery has left the game (11m).
1790843341	wizinfo	60	Astarte@108-81-26-245.lightspeed.tukrga.sbcglobal.net has connected.
1790843341	wizinfo	51	Astarte has entered the game.
1790843779	wizinfo	51	Astarte has left the game (7m).
1790843786	wizinfo	60	Tyrant@108-81-26-245.lightspeed.tukrga.sbcglobal.net has connected.
1790843787	wizinfo	34	Tyrant has entered the game.
1790844005	wizinfo	60	Spellup: Hermie placed in room 2497 by Tyrant.
1790844129	wizinfo	34	Tyrant has left the game (5m).
1790844136	wizinfo	60	Milenko@108-81-26-245.lightspeed.tukrga.sbcglobal.net has connected.
1790844138	wizinfo	52	Milenko has entered the game.
1790844786	wizinfo	52	Milenko has left the game (10m).
1790847092	wizinfo	60	New Object Trap: the coffin [Vnum: 24205]
1790850940	wizinfo	60	Miseri@108-81-26-245.lightspeed.tukrga.sbcglobal.net has connected.
1790850940	wizinfo	12	Miseri has entered the game.
1790850975	wizinfo	12	Miseri has left the game (35s).
1790851003	wizinfo	60	Miseri@108-81-26-245.lightspeed.tukrga.sbcglobal.net new player.
1790851006	wizinfo	1	Miseri has entered the game.
1790851015	wizinfo	1	Miseri has left the game (9s).
1790851505	wizinfo	62	Automated backup complete.
1790851505	wizinfo	62	Daily backup complete.
1790851728	wizinfo	62	Automated backup complete.
1790851728	wizinfo	62	Daily backup complete.
1790854059	wizinfo	60	Misery@108-81-26-245.lightspeed.tukrga.sbcglobal.net has connected.
1790854060	wizinfo	54	Misery has entered the game.
1790854170	wizinfo	60	Misery finished the training dummy... *FATALITY*. [Room: 2419]
1790854212	wizinfo	60	New Object Trap: A Adamantite Chest [Vnum: 25019]
1790854364	wizinfo	60	Spellup: Hermie placed in room 2419 by Misery.
1790854364	wizinfo	60	Misery empowered Misery (temporary).
1790854364	wizinfo	60	Misery made Misery titanic (temporary).
1790854526	wizinfo	54	Misery has lost her link.
1790854527	wizinfo	62	Automated backup complete.
1790854527	wizinfo	62	Daily backup complete.
1790854613	wizinfo	62	Automated backup complete.
1790854613	wizinfo	62	Daily backup complete.
1790855395	wizinfo	60	New Object Trap: the glass cabinet [Vnum: 5227]
1790855994	wizinfo	60	Misery@192.168.0.1 has connected.
1790855994	wizinfo	54	Misery has entered the game.
1790856009	wizinfo	60	Spellup: Hermie placed in room 2401 by Misery.
1790857597	wizinfo	60	Limbo emptied of trash!
1790857597	wizinfo	54	Misery has left the game (26m).
1790857677	wizinfo	60	Misery@192.168.0.1 has connected.
1790857678	wizinfo	54	Misery has entered the game.
1790857741	wizinfo	54	Misery has left the game (1m).
1790857753	wizinfo	60	Misery@192.168.0.1 has connected.
1790857755	wizinfo	54	Misery has entered the game.
1790857771	wizinfo	54	Misery has left the game (16s).
1790857777	wizinfo	60	Killuminati@192.168.0.1 has connected.
1790857778	wizinfo	70	Killuminati has entered the game.
1790858504	wizinfo	70	Killuminati has lost his link.
1790858505	wizinfo	62	Automated backup complete.
1790858505	wizinfo	62	Daily backup complete.
1790859529	wizinfo	60	Killuminati@192.168.0.1 has connected.
1790859529	wizinfo	70	Killuminati has entered the game.
1790860485	wizinfo	70	Killuminati has lost his link.
1790860647	wizinfo	62	Automated backup complete.
1790860647	wizinfo	62	Daily backup complete.
1790863687	wizinfo	60	Killuminati@192.168.0.1 has connected.
1790863687	wizinfo	70	Killuminati has entered the game.
1790864620	wizinfo	70	Killuminati has left the game (15m).
1790864627	wizinfo	60	Misery@192.168.0.1 has connected.
1790864627	wizinfo	54	Misery has entered the game.
1790866137	wizinfo	54	Misery has lost her link.
1790866532	wizinfo	60	Limbo emptied of trash!
1790866532	wizinfo	54	Misery has left the game (31m).
1790868070	wizinfo	60	Eclipse@97.248.95.144 has connected.
1790868072	wizinfo	70	Eclipse has entered the game.
1790868840	wizinfo	70	Eclipse has lost his link.
1790869254	wizinfo	70	Eclipse@97.248.95.144 has reconnected.
1790869875	wizinfo	62	Automated backup complete.
1790869875	wizinfo	62	Daily backup complete.
1790870913	wizinfo	60	Killuminati@99.62.115.159 has connected.
1790870915	wizinfo	70	Killuminati has entered the game.
1790871680	wizinfo	70	Killuminati has lost his link.
1790871685	wizinfo	62	Automated backup complete.
1790871685	wizinfo	62	Daily backup complete.
1790871714	wizinfo	60	Killuminati@99.62.115.159 has connected.
1790871714	wizinfo	70	Killuminati has entered the game.
1790871722	wizinfo	70	Killuminati cleared the bug reports into bugs.txt.20261001-162202.
1790871725	wizinfo	70	Killuminati cleared the typo reports into typos.txt.20261001-162205.
1790871727	wizinfo	70	Killuminati cleared the idea reports into ideas.txt.20261001-162207.
1790871733	wizinfo	60	Eclipse@97.248.95.144 has connected.
1790871735	wizinfo	70	Eclipse has entered the game.
1790871812	wizinfo	70	Eclipse has lost his link.
1790871812	wizinfo	70	Killuminati has lost his link.
1790871812	wizinfo	62	Automated backup complete.
1790871812	wizinfo	62	Daily backup complete.
1790871821	wizinfo	60	Eclipse@97.248.95.144 has connected.
1790871823	wizinfo	70	Eclipse has entered the game.
1790871829	wizinfo	60	Killuminati@99.62.115.159 has connected.
1790871830	wizinfo	70	Killuminati has entered the game.
1790871835	wizinfo	70	Killuminati cleared the bug reports into bugs.txt.20261001-162355.
1790871839	wizinfo	70	Killuminati cleared the idea reports into ideas.txt.20261001-162359.
1790871843	wizinfo	70	Killuminati cleared the typo reports into typos.txt.20261001-162403.
1790872495	wizinfo	70	Eclipse has left the game (11m).
1790873127	wizinfo	62	Automated backup complete.
1790873127	wizinfo	62	Daily backup complete.
1790873368	wizinfo	62	Automated backup complete.
1790873368	wizinfo	62	Daily backup complete.
1790877628	wizinfo	60	Killuminati@99.62.115.159 has connected.
1790877629	wizinfo	70	Killuminati has entered the game.
1790877649	wizinfo	70	Killuminati has lost his link.
1790878994	wizinfo	60	{ ALL } ToC     Training Dummy Yard has been struck by a tornado.
1790879001	wizinfo	60	{ ALL } ToC     Training Dummy Yard is no longer a disaster area.
1790882281	wizinfo	60	New Object Trap: A Golden Chest [Vnum: 17017]
1790884797	wizinfo	70	Killuminati@99.62.115.159 has reconnected.
1790885681	wizinfo	70	Killuminati has lost his link.
1790885682	wizinfo	62	Automated backup complete.
1790885682	wizinfo	62	Daily backup complete.
1790887189	wizinfo	62	Automated backup complete.
1790887189	wizinfo	62	Daily backup complete.
1790889192	wizinfo	60	Killuminati@99.62.115.159 has connected.
1790889193	wizinfo	70	Killuminati has entered the game.
1790889287	wizinfo	70	Killuminati has lost his link.
1790889288	wizinfo	62	Automated backup complete.
1790889288	wizinfo	62	Daily backup complete.
1790889314	wizinfo	60	Misery@99.62.115.159 has connected.
1790889315	wizinfo	54	Misery has entered the game.
1790889346	wizinfo	60	New Object Trap: pellinore's trailpack [Vnum: 730]
1790890902	wizinfo	60	Limbo emptied of trash!
1790890902	wizinfo	54	Misery has left the game (26m).
1790893525	wizinfo	60	Killuminati@108-81-26-245.lightspeed.tukrga.sbcglobal.net has connected.
1790893526	wizinfo	70	Killuminati has entered the game.
1790893780	wizinfo	70	Killuminati has left the game (4m).
1790894386	wizinfo	60	Alaric@208.126.22.104 has connected.
1790894388	wizinfo	50	Alaric has entered the game.
1790895093	wizinfo	60	Misery@108-81-26-245.lightspeed.tukrga.sbcglobal.net has connected.
1790895094	wizinfo	54	Misery has entered the game.
1790895313	wizinfo	54	Misery has left the game (3m).
1790895320	wizinfo	60	Killuminati@108-81-26-245.lightspeed.tukrga.sbcglobal.net has connected.
1790895321	wizinfo	70	Killuminati has entered the game.
1790895601	wizinfo	60	New Object Trap: a black hole [Vnum: 29226]
1790896493	wizinfo	70	Killuminati has lost his link.
1790896493	wizinfo	50	Alaric has lost her link.
1790896494	wizinfo	62	Automated backup complete.
1790896494	wizinfo	62	Daily backup complete.
1790896513	wizinfo	60	Alaric@208.126.22.104 has connected.
1790896514	wizinfo	50	Alaric has entered the game.
1790896676	wizinfo	50	Alaric has lost her link.
1790896676	wizinfo	50	Alaric@208.126.22.104 has reconnected.
1790896836	wizinfo	60	Killuminati@108-81-26-245.lightspeed.tukrga.sbcglobal.net has connected.
1790896837	wizinfo	70	Killuminati has entered the game.
1790897090	wizinfo	70	Killuminati has lost his link.
1790897090	wizinfo	70	Killuminati@108-81-26-245.lightspeed.tukrga.sbcglobal.net has reconnected.
1790897362	wizinfo	70	Killuminati has lost his link.
1790897366	wizinfo	60	Tyrant@108-81-26-245.lightspeed.tukrga.sbcglobal.net has connected.
1790897367	wizinfo	34	Tyrant has entered the game.
1790898752	wizinfo	60	Spellup: Hermie placed in room 2497 by Tyrant.
1790899440	wizinfo	34	Tyrant has left the game (34m).
1790899447	wizinfo	70	Killuminati@108-81-26-245.lightspeed.tukrga.sbcglobal.net has reconnected.
1790899576	info	0	Alaric is now a hero!
1790899576	wizinfo	60	Alaric is now a hero!
1790899812	wizinfo	65	Alaric has been touched by an angel.
1790899963	wizinfo	60	Spellup: Hermie placed in room 2401 by Killuminati.
1790899988	wizinfo	65	Alaric has been touched by an angel.
1790900124	wizinfo	60	Alaric empowered Alaric (temporary).
1790900124	wizinfo	60	Alaric made Alaric titanic (temporary).
1790900665	wizinfo	70	Killuminati has lost his link.
1790900665	wizinfo	51	Alaric has lost her link.
1790900666	wizinfo	62	Automated backup complete.
1790900666	wizinfo	62	Daily backup complete.
1790900677	wizinfo	60	Alaric@208.126.22.104 has connected.
1790900681	wizinfo	51	Alaric has entered the game.
1790900683	wizinfo	60	Killuminati@108-81-26-245.lightspeed.tukrga.sbcglobal.net has connected.
1790900684	wizinfo	70	Killuminati has entered the game.
1790906263	wizinfo	70	Killuminati has lost his link.
1790906263	wizinfo	51	Alaric has lost her link.
1790906264	wizinfo	62	Automated backup complete.
1790906264	wizinfo	62	Daily backup complete.
1790906312	wizinfo	60	Killuminati@108-81-26-245.lightspeed.tukrga.sbcglobal.net has connected.
1790906313	wizinfo	70	Killuminati has entered the game.
1790906317	wizinfo	60	Alaric@208.126.22.104 has connected.
1790906318	wizinfo	51	Alaric has entered the game.
1790906465	wizinfo	51	Alaric has left the game (2m).
1790907679	wizinfo	70	Killuminati has lost his link.
1790907680	wizinfo	62	Automated backup complete.
1790907680	wizinfo	62	Daily backup complete.
1790908211	wizinfo	60	Killuminati@108-81-26-245.lightspeed.tukrga.sbcglobal.net has connected.
1790908211	wizinfo	70	Killuminati has entered the game.
1790908235	wizinfo	60	Killuminati got hit by their own farslay *tee-hee*
1790908291	wizinfo	60	Killuminati got hit by their own farslay *tee-hee*
1790908330	wizinfo	60	Killuminati got hit by their own farslay *tee-hee*
1790908379	wizinfo	60	Killuminati got hit by their own farslay *tee-hee*
1790908383	wizinfo	60	angel herbie got farslayed by Killuminati.
1790909171	wizinfo	60	New Object Trap: a little treasure box [Vnum: 29352]
1790909268	wizinfo	70	Killuminati has lost his link.
1790909269	wizinfo	62	Automated backup complete.
1790909269	wizinfo	62	Daily backup complete.
1790910004	wizinfo	60	Killuminati@108-81-26-245.lightspeed.tukrga.sbcglobal.net has connected.
1790910004	wizinfo	70	Killuminati has entered the game.
1790910008	wizinfo	60	Oracle: Killuminati prayed; she appeared in room 4216 (Death room.).
1790910244	wizinfo	60	Oracle: Killuminati prayed; she appeared in room 4216 (Death room.).
1790910289	wizinfo	60	Oracle: Killuminati prayed; she appeared in room 4216 (Death room.).
1790910771	wizinfo	70	Killuminati has lost his link.
1790910772	wizinfo	62	Automated backup complete.
1790910772	wizinfo	62	Daily backup complete.
1790912011	wizinfo	60	New Object Trap: the glass cabinet [Vnum: 5227]
1790912035	wizinfo	62	Automated backup complete.
1790912035	wizinfo	62	Daily backup complete.
1790912138	wizinfo	60	Killuminati@108-81-26-245.lightspeed.tukrga.sbcglobal.net has connected.
1790912139	wizinfo	70	Killuminati has entered the game.
1790912141	wizinfo	60	Oracle: Killuminati prayed; she appeared in room 4216 (Death room.).
1790912532	wizinfo	70	Killuminati has lost his link.
1790912533	wizinfo	62	Automated backup complete.
1790912533	wizinfo	62	Daily backup complete.
1790913095	wizinfo	60	Killuminati@108-81-26-245.lightspeed.tukrga.sbcglobal.net has connected.
1790913097	wizinfo	70	Killuminati has entered the game.
1790913480	wizinfo	60	New Object Trap: a black hole [Vnum: 29226]
1790913822	wizinfo	70	Killuminati has lost his link.
1790913842	wizinfo	70	Killuminati@108-81-26-245.lightspeed.tukrga.sbcglobal.net has reconnected.
1790914115	wizinfo	60	Oracle: Killuminati prayed; she appeared in room 2401 (Center of Oak Tree Square.).
1790915512	wizinfo	70	Killuminati has lost his link.
1790915513	wizinfo	62	Automated backup complete.
1790915513	wizinfo	62	Daily backup complete.
1790929952	wizinfo	62	Automated backup complete.
1790933378	wizinfo	60	New Object Trap: the desk [Vnum: 5225]
1790943182	wizinfo	60	New Object Trap: a black hole [Vnum: 29226]
1790943720	wizinfo	60	New Object Trap: the glass cabinet [Vnum: 5227]
1790944399	wizinfo	62	Automated backup complete.
1790948534	wizinfo	62	Automated backup complete.
1790948534	wizinfo	62	Daily backup complete.
1790950266	wizinfo	60	Eclipse@97.248.95.144 has connected.
1790950268	wizinfo	70	Eclipse has entered the game.
1790951947	wizinfo	70	Eclipse has lost his link.
1790951948	wizinfo	62	Automated backup complete.
1790951948	wizinfo	62	Daily backup complete.
1790952106	wizinfo	62	Automated backup complete.
1790952106	wizinfo	62	Daily backup complete.
1790952219	wizinfo	60	Eclipse@97.248.95.144 has connected.
1790952222	wizinfo	70	Eclipse has entered the game.
1790953080	wizinfo	60	 70} Elrond  Valhalla has been struck by a tornado.
1790953086	wizinfo	60	 70} Elrond  Valhalla is no longer a disaster area.
1790954150	wizinfo	70	Eclipse has lost his link.
1790957441	wizinfo	60	New Object Trap: the coffin [Vnum: 24205]
1790961230	wizinfo	60	New Object Trap: A Golden Chest [Vnum: 17017]
1790964396	wizinfo	60	New Object Trap: the desk [Vnum: 5225]
1790966517	wizinfo	62	Automated backup complete.
1790973199	wizinfo	60	Killuminati@99.62.115.159 has connected.
1790973200	wizinfo	70	Killuminati has entered the game.
1790973201	wizinfo	60	Oracle: Killuminati prayed from room 2401 (Center of Oak Tree Square.) and entered her sanctum.
1790973942	wizinfo	70	Killuminati has lost his link.
1790973943	wizinfo	62	Automated backup complete.
1790973943	wizinfo	62	Daily backup complete.
1790974410	wizinfo	62	Automated backup complete.
1790974410	wizinfo	62	Daily backup complete.
1790974658	wizinfo	62	Automated backup complete.
1790974658	wizinfo	62	Daily backup complete.
1790974751	wizinfo	62	Automated backup complete.
1790974751	wizinfo	62	Daily backup complete.
1790974850	wizinfo	62	Automated backup complete.
1790974850	wizinfo	62	Daily backup complete.
1790974927	wizinfo	62	Automated backup complete.
1790974927	wizinfo	62	Daily backup complete.
1790977704	wizinfo	60	Alaric@208.126.22.104 has connected.
1790977710	wizinfo	51	Alaric has entered the game.
1790978197	wizinfo	60	Killuminati@108-81-26-245.lightspeed.tukrga.sbcglobal.net has connected.
1790978198	wizinfo	70	Killuminati has entered the game.
1790978395	info	0	Alaric has reached the next level of Heroism!!
1790978395	wizinfo	60	Alaric has reached the next level of Heroism!!
1790978486	wizinfo	60	Oracle: Alaric prayed from room 2497 (A sudden wind blows you from the tree!) and entered her sanctum.
1790978992	wizinfo	52	Alaric has left the game (21m).
1790979583	wizinfo	70	Killuminati has left the game (23m).
1790980851	wizinfo	60	Alaric@208.126.22.104 has connected.
1790980853	wizinfo	52	Alaric has entered the game.
1790981418	wizinfo	65	Alaric has been touched by an angel.
1790981698	wizinfo	65	Alaric has been touched by an angel.
1790981846	wizinfo	65	Alaric has been touched by an angel.
1790982731	wizinfo	52	Alaric has left the game (31m).
1790984112	wizinfo	60	Alaric@208.126.22.104 has connected.
1790984119	wizinfo	52	Alaric has entered the game.
1790984126	wizinfo	60	Oracle: Alaric prayed from room 2437 (Temple Boulevard.) and entered her sanctum.
1790985240	wizinfo	52	Alaric has lost his link.
1790985241	wizinfo	62	Automated backup complete.
1790985241	wizinfo	62	Daily backup complete.
1790985788	wizinfo	60	Alaric@208.126.22.104 has connected.
1790985789	wizinfo	52	Alaric has entered the game.
1790988343	wizinfo	60	Oracle: Alaric prayed from room 9522 (Inside the Northern Gate of New Thalos) and entered her sanctum.
1790992557	wizinfo	60	Oracle: Alaric prayed from room 4210 (Room of Peace and Healing.) and entered her sanctum.
1790993773	wizinfo	52	Alaric has left the game (2h 13m).
1790999673	wizinfo	62	Automated backup complete.
1791006587	wizinfo	60	New Object Trap: a black hole [Vnum: 29226]
1791010782	wizinfo	60	New Object Trap: a mighty stone sarcophagus [Vnum: 28010]
1791014081	wizinfo	62	Automated backup complete.
1791015755	wizinfo	60	New Object Trap: a wooden chest [Vnum: 6005]
1791028510	wizinfo	62	Automated backup complete.
1791030119	wizinfo	60	New Object Trap: A Adamantite Chest [Vnum: 25019]
1791032248	wizinfo	60	Alaric@208.126.22.104 has connected.
1791032256	wizinfo	52	Alaric has entered the game.
1791036953	wizinfo	60	Eclipse@97.248.95.144 has connected.
1791036961	wizinfo	70	Eclipse has entered the game.
1791038680	wizinfo	60	Farslayer@pool-71-117-172-247.prvdri.fios.verizon.net new player.
1791038685	wizinfo	1	Farslayer has entered the game.
1791038819	wizinfo	70	Eclipse has lost his link.
1791038819	wizinfo	1	Farslayer has lost his link.
1791038819	wizinfo	52	Alaric has lost his link.
1791038821	wizinfo	62	Automated backup complete.
1791038821	wizinfo	62	Daily backup complete.
1791038867	wizinfo	60	Farslayer@pool-71-117-172-247.prvdri.fios.verizon.net has connected.
1791038867	wizinfo	1	Farslayer has entered the game.
1791039088	info	0	Farslayer has achieved level 2!
1791039088	wizinfo	60	Farslayer has achieved level 2!
1791039251	wizinfo	2	Farslayer has left the game (6m).
1791039299	wizinfo	60	Farslayer@pool-71-117-172-247.prvdri.fios.verizon.net new player.
1791039302	wizinfo	1	Farslayer has entered the game.
1791039860	wizinfo	60	Farslayer killed by the kobold at 3713
1791039866	wizinfo	65	Farslayer has been touched by an angel.
1791040061	info	0	Farslayer has achieved level 2!
1791040061	wizinfo	60	Farslayer has achieved level 2!
1791040421	info	0	Farslayer has achieved level 3!
1791040421	wizinfo	60	Farslayer has achieved level 3!
1791040755	wizinfo	60	Farslayer killed by the kobold at 3713
1791040939	wizinfo	60	Limbo emptied of trash!
1791040939	wizinfo	3	Farslayer has left the game (27m).
1791045367	wizinfo	60	Alaric@208.126.22.104 has connected.
1791045368	wizinfo	52	Alaric has entered the game.
1791046689	wizinfo	65	Alaric has been touched by an angel.
1791046962	wizinfo	60	New Object Trap: book cabinet [Vnum: 20539]
1791047373	wizinfo	52	Alaric has left the game (33m).
1791049135	wizinfo	62	Automated backup complete.
1791049135	wizinfo	62	Daily backup complete.
1791050969	wizinfo	60	Alaric@208.126.22.104 has connected.
1791050971	wizinfo	52	Alaric has entered the game.
1791052546	wizinfo	65	Alaric has been touched by an angel.
1791052827	wizinfo	65	Alaric has been touched by an angel.
1791052967	wizinfo	65	Alaric has been touched by an angel.
1791053107	wizinfo	65	Alaric has been touched by an angel.
1791053239	wizinfo	65	Alaric has been touched by an angel.
1791053948	wizinfo	65	Alaric has been touched by an angel.
1791053967	wizinfo	60	Trentlin@24.2.118.125 new player.
1791053973	wizinfo	1	Trentlin has entered the game.
1791054532	info	0	Trentlin has achieved level 2!
1791054532	wizinfo	60	Trentlin has achieved level 2!
1791054685	info	0	Trentlin has achieved level 3!
1791054685	wizinfo	60	Trentlin has achieved level 3!
1791054799	info	0	Trentlin has achieved level 4!
1791054799	wizinfo	60	Trentlin has achieved level 4!
1791055183	wizinfo	4	Trentlin has lost his link.
1791055193	wizinfo	4	Trentlin@24.2.118.125 has reconnected.
1791055385	info	0	Trentlin has achieved level 5!
1791055385	wizinfo	60	Trentlin has achieved level 5!
1791056409	info	0	Trentlin has achieved level 6!
1791056409	wizinfo	60	Trentlin has achieved level 6!
1791056946	wizinfo	60	New Object Trap: a bronze chest [Vnum: 24123]
1791057457	info	0	Trentlin has achieved level 7!
1791057457	wizinfo	60	Trentlin has achieved level 7!
1791058008	wizinfo	65	Trentlin has been touched by an angel.
1791058184	wizinfo	60	Killuminati@108-81-26-245.lightspeed.tukrga.sbcglobal.net has connected.
1791058184	wizinfo	70	Killuminati has entered the game.
1791058300	wizinfo	7	Trentlin has left the game (1h 12m).
1791058721	wizinfo	65	Alaric has been touched by an angel.
1791058846	wizinfo	70	Killuminati has lost his link.
1791058846	wizinfo	52	Alaric has lost his link.
1791058848	wizinfo	62	Automated backup complete.
1791058848	wizinfo	62	Daily backup complete.
1791058855	wizinfo	60	Alaric@208.126.22.104 has connected.
1791058856	wizinfo	52	Alaric has entered the game.
1791058965	wizinfo	60	Killuminati@108-81-26-245.lightspeed.tukrga.sbcglobal.net has connected.
1791058965	wizinfo	70	Killuminati has entered the game.
1791059016	wizinfo	70	Killuminati cleared the bug reports into bugs.txt.20261003-202336.
1791059023	wizinfo	70	Killuminati cleared the idea reports into ideas.txt.20261003-202343.
1791059480	wizinfo	65	Alaric has been touched by an angel.
1791059859	wizinfo	60	Spellup: Hermie placed in room 2401 by Killuminati.
1791060416	wizinfo	60	Killuminati empowered Alaric (temporary).
1791060420	wizinfo	60	Killuminati made Alaric titanic (temporary).
1791062067	wizinfo	65	Alaric has been touched by an angel.
1791062304	info	0	Alaric has reached the next level of Heroism!!
1791062304	wizinfo	60	Alaric has reached the next level of Heroism!!
1791062346	wizinfo	70	Killuminati has lost his link.
1791062346	wizinfo	53	Alaric has lost his link.
1791062348	wizinfo	62	Automated backup complete.
1791062348	wizinfo	62	Daily backup complete.
1791062355	wizinfo	60	Killuminati@108-81-26-245.lightspeed.tukrga.sbcglobal.net has connected.
1791062356	wizinfo	70	Killuminati has entered the game.
1791062376	wizinfo	60	Alaric@208.126.22.104 has connected.
1791062378	wizinfo	53	Alaric has entered the game.
1791062422	wizinfo	60	Killuminati made Killuminati titanic (permanent).
1791062426	wizinfo	60	Killuminati empowered Killuminati (permanent).
1791063141	wizinfo	53	Alaric has lost his link.
1791063141	wizinfo	70	Killuminati has lost his link.
1791063142	wizinfo	62	Automated backup complete.
1791063142	wizinfo	62	Daily backup complete.
1791063161	wizinfo	60	Alaric@208.126.22.104 has connected.
1791063240	wizinfo	53	Alaric has entered the game.
1791063276	wizinfo	60	Killuminati@108-81-26-245.lightspeed.tukrga.sbcglobal.net has connected.
1791063276	wizinfo	70	Killuminati has entered the game.
1791063435	wizinfo	65	Alaric has been touched by an angel.
1791063438	wizinfo	53	Alaric has left the game (3m).
1791064099	wizinfo	70	Killuminati cleared the bug reports into bugs.txt.20261003-214819.
1791064127	wizinfo	70	Killuminati has left the game (14m).
1791064582	wizinfo	62	Automated backup complete.
1791064582	wizinfo	62	Daily backup complete.
1791066645	wizinfo	62	Automated backup complete.
1791066645	wizinfo	62	Daily backup complete.
1791067126	wizinfo	62	Automated backup complete.
1791067126	wizinfo	62	Daily backup complete.
1791068453	wizinfo	60	Alaric@208.126.22.104 has connected.
1791068454	wizinfo	53	Alaric has entered the game.
1791070274	wizinfo	65	Alaric has been touched by an angel.
1791071025	wizinfo	60	Killuminati@108-81-26-245.lightspeed.tukrga.sbcglobal.net has connected.
1791071028	wizinfo	70	Killuminati has entered the game.
1791071105	wizinfo	60	Spellup: Hermie placed in room 2401 by Killuminati for 120 minutes.
1791071553	wizinfo	60	Alaric empowered Alaric (temporary).
1791071553	wizinfo	60	Alaric made Alaric titanic (temporary).
1791073544	wizinfo	60	Alaric empowered Alaric (temporary).
1791073544	wizinfo	60	Alaric made Alaric titanic (temporary).
1791074505	info	0	Alaric is now a Knight of the Realms!!!
1791074505	wizinfo	60	Alaric is now a Knight of the Realms!!!
1791074550	wizinfo	65	Alaric has been touched by an angel.
1791074622	info	0	Alaric has remorted!
1791074622	wizinfo	60	Alaric has remorted!
1791074622	wizinfo	62	Automated backup complete.
1791076353	wizinfo	70	Killuminati has lost his link.
1791076353	wizinfo	3	Alaric has lost his link.
1791076355	wizinfo	62	Automated backup complete.
1791076355	wizinfo	62	Daily backup complete.
1791076367	wizinfo	62	Automated backup complete.
1791076367	wizinfo	62	Daily backup complete.
1791076415	wizinfo	60	Alaric@208.126.22.104 has connected.
1791076417	wizinfo	3	Alaric has entered the game.
1791076574	wizinfo	3	Alaric has lost his link.
1791076574	wizinfo	62	Automated backup complete.
1791076574	wizinfo	62	Daily backup complete.
1791076583	wizinfo	60	Alaric@208.126.22.104 has connected.
1791076583	wizinfo	3	Alaric has entered the game.
1791076646	info	0	Alaric has achieved level 4!
1791076646	wizinfo	60	Alaric has achieved level 4!
1791076649	wizinfo	60	Killuminati@108-81-26-245.lightspeed.tukrga.sbcglobal.net has connected.
1791076650	wizinfo	70	Killuminati has entered the game.
1791076713	wizinfo	60	Spellup: Hermie placed in room 4208 by Killuminati for 180 minutes.
1791076739	wizinfo	60	Alaric empowered Alaric (temporary).
1791076739	wizinfo	60	Alaric made Alaric titanic (temporary).
1791076765	info	0	Alaric has achieved level 5!
1791076765	wizinfo	60	Alaric has achieved level 5!
1791076811	info	0	Alaric has achieved level 6!
1791076811	wizinfo	60	Alaric has achieved level 6!
1791076881	info	0	Alaric has achieved level 7!
1791076881	wizinfo	60	Alaric has achieved level 7!
1791076932	info	0	Alaric has achieved level 8!
1791076932	wizinfo	60	Alaric has achieved level 8!
1791077028	info	0	Alaric has achieved level 9!
1791077028	wizinfo	60	Alaric has achieved level 9!
1791077076	info	0	Alaric has achieved level 10!
1791077076	wizinfo	60	Alaric has achieved level 10!
1791077280	info	0	Alaric has achieved level 11!
1791077280	wizinfo	60	Alaric has achieved level 11!
1791077400	info	0	Alaric has achieved level 12!
1791077400	wizinfo	60	Alaric has achieved level 12!
1791077520	info	0	Alaric has achieved level 13!
1791077520	wizinfo	60	Alaric has achieved level 13!
1791077665	info	0	Alaric has achieved level 14!
1791077665	wizinfo	60	Alaric has achieved level 14!
1791077797	info	0	Alaric has achieved level 15!
1791077797	wizinfo	60	Alaric has achieved level 15!
1791077842	wizinfo	60	Oracle: Alaric prayed from room 2423 (Battle Road) and entered her sanctum.
1791077906	wizinfo	60	Oracle: Killuminati prayed from room 1 (The Void) and entered her sanctum.
1791078470	wizinfo	70	Killuminati cleared the bug reports into bugs.txt.20261004-014750.
1791078527	wizinfo	60	Alaric empowered Alaric (temporary).
1791078527	wizinfo	60	Alaric made Alaric titanic (temporary).
1791078599	info	0	Alaric has achieved level 16!
1791078599	wizinfo	60	Alaric has achieved level 16!
1791078923	info	0	Alaric has achieved level 17!
1791078923	wizinfo	60	Alaric has achieved level 17!
1791078951	wizinfo	60	Killuminati flagged Alaric for psionics ().
1791079379	info	0	Alaric has achieved level 18!
1791079379	wizinfo	60	Alaric has achieved level 18!
1791079398	wizinfo	18	Alaric has left the game (46m).
1791079404	wizinfo	60	Alaric@208.126.22.104 has connected.
1791079404	wizinfo	18	Alaric has entered the game.
1791079454	wizinfo	60	New Object Trap: A Copper Chest [Vnum: 25018]
1791079534	wizinfo	60	Killuminati flagged Alaric for psionics ().
1791079564	wizinfo	60	New Object Trap: a black hole [Vnum: 29226]
1791079654	wizinfo	18	Alaric has left the game (4m).
1791079659	wizinfo	60	Alaric@208.126.22.104 has connected.
1791079660	wizinfo	18	Alaric has entered the game.
1791079749	info	0	Alaric has achieved level 19!
1791079749	wizinfo	60	Alaric has achieved level 19!
1791079753	wizinfo	19	Alaric has left the game (1m).
1791079758	wizinfo	60	Alaric@208.126.22.104 has connected.
1791079759	wizinfo	19	Alaric has entered the game.
1791079863	info	0	Alaric has achieved level 20!
1791079863	wizinfo	60	Alaric has achieved level 20!
1791079875	wizinfo	20	Alaric has left the game (1m).
1791079879	wizinfo	60	Alaric@208.126.22.104 has connected.
1791079880	wizinfo	20	Alaric has entered the game.
1791080039	wizinfo	20	Alaric has lost his link.
1791080039	wizinfo	70	Killuminati has lost his link.
1791080041	wizinfo	62	Automated backup complete.
1791080041	wizinfo	62	Daily backup complete.
1791080041	wizinfo	60	New Object Trap: a bronze chest [Vnum: 24123]
1791080049	wizinfo	60	Alaric@208.126.22.104 has connected.
1791080050	wizinfo	20	Alaric has entered the game.
1791080050	wizinfo	60	Killuminati@108-81-26-245.lightspeed.tukrga.sbcglobal.net has connected.
1791080051	wizinfo	70	Killuminati has entered the game.
1791080248	info	0	Alaric has achieved level 21!
1791080248	wizinfo	60	Alaric has achieved level 21!
1791080460	wizinfo	60	New Object Trap: an iron bound chest [Vnum: 5023]
1791080465	wizinfo	60	Alaric empowered Alaric (temporary).
1791080465	wizinfo	60	Alaric made Alaric titanic (temporary).
1791080542	info	0	Alaric has achieved level 22!
1791080542	wizinfo	60	Alaric has achieved level 22!
1791081011	info	0	Alaric has achieved level 23!
1791081011	wizinfo	60	Alaric has achieved level 23!
1791081356	info	0	Alaric has achieved level 24!
1791081356	wizinfo	60	Alaric has achieved level 24!
1791081622	wizinfo	24	Alaric has lost his link.
1791081622	wizinfo	70	Killuminati has lost his link.
1791081623	wizinfo	62	Automated backup complete.
1791081623	wizinfo	62	Daily backup complete.
1791081628	wizinfo	60	Killuminati@108-81-26-245.lightspeed.tukrga.sbcglobal.net has connected.
1791081629	wizinfo	70	Killuminati has entered the game.
1791081629	wizinfo	60	Alaric@208.126.22.104 has connected.
1791081630	wizinfo	24	Alaric has entered the game.
1791081923	info	0	Alaric has achieved level 25!
1791081923	wizinfo	60	Alaric has achieved level 25!
1791081985	wizinfo	25	Alaric has left the game (5m).
1791082300	wizinfo	70	Killuminati has left the game (11m).
1791082313	wizinfo	60	Killuminati@108-81-26-245.lightspeed.tukrga.sbcglobal.net has connected.
1791082314	wizinfo	70	Killuminati has entered the game.
1791082315	wizinfo	60	Oracle: Killuminati prayed from room 1 (The Void) and entered her sanctum.
1791082394	wizinfo	70	Killuminati has lost his link.
1791082396	wizinfo	62	Automated backup complete.
1791082396	wizinfo	62	Daily backup complete.
1791083786	wizinfo	62	Automated backup complete.
1791083786	wizinfo	62	Daily backup complete.
1791084029	wizinfo	62	Automated backup complete.
1791084029	wizinfo	62	Daily backup complete.
1791084473	wizinfo	62	Automated backup complete.
1791084473	wizinfo	62	Daily backup complete.
1791085711	wizinfo	62	Automated backup complete.
1791085711	wizinfo	62	Daily backup complete.
1791100161	wizinfo	62	Automated backup complete.
1791100455	wizinfo	60	New Object Trap: a bronze chest [Vnum: 24123]
1791102603	wizinfo	60	New Object Trap: a wooden chest [Vnum: 6005]
1791107055	wizinfo	60	New Object Trap: pellinore's trailpack [Vnum: 730]
1791114607	wizinfo	62	Automated backup complete.
1791120760	wizinfo	60	Alaric@208.126.22.104 has connected.
1791120761	wizinfo	25	Alaric has entered the game.
1791120833	wizinfo	60	New Object Trap: book cabinet [Vnum: 20539]
1791121040	info	0	Alaric has achieved level 26!
1791121040	wizinfo	60	Alaric has achieved level 26!
1791121758	wizinfo	60	Eclipse@97.248.95.144 has connected.
1791121761	wizinfo	70	Eclipse has entered the game.
1791121829	wizinfo	60	Killuminati@108-81-26-245.lightspeed.tukrga.sbcglobal.net has connected.
1791121830	wizinfo	70	Killuminati has entered the game.
1791121884	wizinfo	65	Alaric has been touched by an angel.
1791122229	wizinfo	60	Farslayer@pool-71-117-172-247.prvdri.fios.verizon.net has connected.
1791122230	wizinfo	3	Farslayer has entered the game.
1791122337	wizinfo	70	Killuminati has left the game (8m).
1791123890	wizinfo	3	Farslayer has lost his link.
1791124431	wizinfo	70	Eclipse has lost his link.
1791124440	wizinfo	70	Eclipse@97.248.95.144 has reconnected.
1791124456	wizinfo	70	Eclipse has left the game (44m).
1791124806	wizinfo	3	Farslayer has left the game (42m).
1791127169	info	0	Alaric has achieved level 27!
1791127169	wizinfo	60	Alaric has achieved level 27!
1791127217	wizinfo	65	Alaric has been touched by an angel.
1791129022	wizinfo	62	Automated backup complete.
1791129592	wizinfo	65	Alaric has been touched by an angel.
1791129796	wizinfo	65	Alaric has been touched by an angel.
1791130615	wizinfo	27	Alaric has lost his link.
1791130616	wizinfo	62	Automated backup complete.
1791130616	wizinfo	62	Daily backup complete.
1791130624	wizinfo	60	Alaric@208.126.22.104 has connected.
1791130625	wizinfo	27	Alaric has entered the game.
1791130852	wizinfo	27	Alaric has left the game (3m).
1791130963	wizinfo	60	Alaric@208.126.22.104 has connected.
1791130964	wizinfo	27	Alaric has entered the game.
1791135293	info	0	Alaric has achieved level 28!
1791135293	wizinfo	60	Alaric has achieved level 28!
1791135677	wizinfo	65	Alaric has been touched by an angel.
1791135796	wizinfo	60	Killuminati@108-81-26-245.lightspeed.tukrga.sbcglobal.net has connected.
1791135796	wizinfo	70	Killuminati has entered the game.
1791135830	wizinfo	65	Alaric has been touched by an angel.
1791136370	wizinfo	65	Alaric has been touched by an angel.
1791136505	wizinfo	60	New Object Trap: A Golden Chest [Vnum: 25016]
1791136606	wizinfo	65	Alaric has been touched by an angel.
1791136893	wizinfo	28	Alaric has left the game (1h 38m).
1791136905	wizinfo	60	Alaric@208.126.22.104 has connected.
1791136905	wizinfo	28	Alaric has entered the game.
1791137007	wizinfo	65	Alaric has been touched by an angel.
1791137217	wizinfo	60	Alaric empowered Alaric (temporary).
1791137217	wizinfo	60	Alaric made Alaric titanic (temporary).
1791137247	info	0	Alaric has achieved level 29!
1791137247	wizinfo	60	Alaric has achieved level 29!
1791137359	info	0	Alaric has achieved level 30!
1791137359	wizinfo	60	Alaric has achieved level 30!
1791137448	info	0	Alaric has achieved level 31!
1791137448	wizinfo	60	Alaric has achieved level 31!
1791137538	info	0	Alaric has achieved level 32!
1791137538	wizinfo	60	Alaric has achieved level 32!
1791137920	info	0	Alaric has achieved level 33!
1791137920	wizinfo	60	Alaric has achieved level 33!
1791138203	info	0	Alaric has achieved level 34!
1791138203	wizinfo	60	Alaric has achieved level 34!
1791138551	info	0	Alaric has achieved level 35!
1791138551	wizinfo	60	Alaric has achieved level 35!
1791138686	info	0	Alaric has achieved level 36!
1791138686	wizinfo	60	Alaric has achieved level 36!
1791138758	info	0	Alaric has achieved level 37!
1791138758	wizinfo	60	Alaric has achieved level 37!
1791138870	info	0	Alaric has achieved level 38!
1791138870	wizinfo	60	Alaric has achieved level 38!
1791138947	info	0	Alaric has achieved level 39!
1791138947	wizinfo	60	Alaric has achieved level 39!
1791139434	wizinfo	39	Alaric has left the game (42m).
1791140203	wizinfo	60	Alaric@208.126.22.104 has connected.
1791140204	wizinfo	39	Alaric has entered the game.
1791140395	wizinfo	60	Alaric has been spared by the gods divine protection from certain death at the hands of ares!
1791140479	wizinfo	65	Alaric has been touched by an angel.
1791140540	wizinfo	39	Alaric has left the game (5m).
1791140828	wizinfo	60	Alaric@208.126.22.104 has connected.
1791140828	wizinfo	39	Alaric has entered the game.
1791140901	wizinfo	60	Alaric empowered Alaric (temporary).
1791140901	wizinfo	60	Alaric made Alaric titanic (temporary).
1791141854	info	0	Alaric has achieved level 40!
1791141854	wizinfo	60	Alaric has achieved level 40!
1791142190	info	0	Alaric has achieved level 41!
1791142190	wizinfo	60	Alaric has achieved level 41!
1791142470	info	0	Alaric has achieved level 42!
1791142470	wizinfo	60	Alaric has achieved level 42!
1791142724	wizinfo	60	Alaric empowered Alaric (temporary).
1791142724	wizinfo	60	Alaric made Alaric titanic (temporary).
1791142831	info	0	Alaric has achieved level 43!
1791142831	wizinfo	60	Alaric has achieved level 43!
1791143004	info	0	Alaric has achieved level 44!
1791143004	wizinfo	60	Alaric has achieved level 44!
1791143194	info	0	Alaric has achieved level 45!
1791143194	wizinfo	60	Alaric has achieved level 45!
1791143380	info	0	Alaric has achieved level 46!
1791143380	wizinfo	60	Alaric has achieved level 46!
1791143872	info	0	Alaric has achieved level 47!
1791143872	wizinfo	60	Alaric has achieved level 47!
1791143902	wizinfo	47	Alaric has left the game (51m).
1791144368	wizinfo	70	Killuminati has lost his link.
1791144370	wizinfo	62	Automated backup complete.
1791144370	wizinfo	62	Daily backup complete.
1791144500	wizinfo	60	Killuminati@108-81-26-245.lightspeed.tukrga.sbcglobal.net has connected.
1791144501	wizinfo	70	Killuminati has entered the game.
1791145523	wizinfo	70	Killuminati has lost his link.
1791145524	wizinfo	62	Automated backup complete.
1791145524	wizinfo	62	Daily backup complete.
1791145724	wizinfo	60	Killuminati@108-81-26-245.lightspeed.tukrga.sbcglobal.net has connected.
1791145724	wizinfo	70	Killuminati has entered the game.
1791147980	wizinfo	60	New Object Trap: the desk [Vnum: 5225]
1791150087	wizinfo	60	Alaric@208.126.22.104 has connected.
1791150088	wizinfo	47	Alaric has entered the game.
1791150835	info	0	Alaric has achieved level 48!
1791150835	wizinfo	60	Alaric has achieved level 48!
1791151597	wizinfo	65	Alaric has been touched by an angel.
1791151998	wizinfo	60	Hermie empowered Alaric through BUFF (temporary).
1791151998	wizinfo	60	Hermie made Alaric titanic through BUFF (temporary).
1791152178	info	0	Alaric has achieved level 49!
1791152178	wizinfo	60	Alaric has achieved level 49!
1791153292	info	0	Alaric has achieved level 50!
1791153292	wizinfo	60	Alaric has achieved level 50!
1791153507	wizinfo	65	Alaric has been touched by an angel.
1791156457	wizinfo	60	 traveled to a small kitten via the earth. [Room: 1345]
1791156574	wizinfo	50	Alaric has left the game (1h 48m).
1791156793	wizinfo	60	Alaric@208.126.22.104 has connected.
1791156794	wizinfo	50	Alaric has entered the game.
1791156919	wizinfo	50	Alaric has left the game (2m).
1791157139	wizinfo	60	Alaric@208.126.22.104 has connected.
1791157139	wizinfo	50	Alaric has entered the game.
1791157248	wizinfo	60	Hermie empowered Alaric through BUFF (temporary).
1791157248	wizinfo	60	Hermie made Alaric titanic through BUFF (temporary).
1791157797	wizinfo	60	New Object Trap: a mighty stone sarcophagus [Vnum: 28010]
1791159946	wizinfo	62	Automated backup complete.
1791160330	wizinfo	60	New Object Trap: the glass cabinet [Vnum: 5227]
1791160584	wizinfo	60	Hermie empowered Alaric through BUFF (temporary).
1791160584	wizinfo	60	Hermie made Alaric titanic through BUFF (temporary).
1791162987	wizinfo	50	Alaric has lost his link.
1791162987	wizinfo	70	Killuminati has lost his link.
1791162988	wizinfo	62	Automated backup complete.
1791162988	wizinfo	62	Daily backup complete.
1791163145	wizinfo	60	Alaric@208.126.22.104 has connected.
1791163146	wizinfo	50	Alaric has entered the game.
1791164583	wizinfo	60	 traveled to the savage minotaur via the earth. [Room: 1610]
1791173578	wizinfo	50	Alaric has lost his link.
1791173579	wizinfo	62	Automated backup complete.
1791173579	wizinfo	62	Daily backup complete.
1791174308	wizinfo	60	New Object Trap: a black hole [Vnum: 29226]
1791188020	wizinfo	62	Automated backup complete.
1791202463	wizinfo	62	Automated backup complete.
1791208813	wizinfo	60	Eclipse@97.248.95.144 has connected.
1791208814	wizinfo	70	Eclipse has entered the game.
1791208839	wizinfo	70	Eclipse has left the game (25s).
1791209779	wizinfo	60	New Object Trap: the desk [Vnum: 5225]
1791212923	wizinfo	60	Eclipse@97.248.95.144 has connected.
1791212924	wizinfo	70	Eclipse has entered the game.
1791212944	wizinfo	70	Eclipse has left the game (20s).
1791216900	wizinfo	62	Automated backup complete.
1791216955	wizinfo	60	Killuminati@99.62.115.159 has connected.
1791216957	wizinfo	70	Killuminati has entered the game.
1791221114	wizinfo	60	Alaric@208.127.191.100 has connected.
1791221115	wizinfo	50	Alaric has entered the game.
1791221311	wizinfo	50	Alaric has left the game (3m).
1791221432	wizinfo	60	New Object Trap: a chest [Vnum: 1315]
1791223118	wizinfo	70	Killuminati has lost his link.
1791223119	wizinfo	62	Automated backup complete.
1791223119	wizinfo	62	Daily backup complete.
1791224197	wizinfo	62	Automated backup complete.
1791224197	wizinfo	62	Daily backup complete.
1791224844	wizinfo	62	Automated backup complete.
1791224844	wizinfo	62	Daily backup complete.
1791233136	wizinfo	60	Alaric@208.126.22.104 has connected.
1791233137	wizinfo	50	Alaric has entered the game.
1791233892	wizinfo	60	New Object Trap: the desk [Vnum: 5225]
1791237713	wizinfo	50	Alaric has lost his link.
1791237714	wizinfo	62	Automated backup complete.
1791237714	wizinfo	62	Daily backup complete.
1791237720	wizinfo	60	Alaric@208.126.22.104 has connected.
1791237721	wizinfo	50	Alaric has entered the game.
1791238880	wizinfo	60	 traveled to King Arthur via the earth. [Room: 770]
1791238898	wizinfo	60	Hermie empowered Alaric through BUFF (temporary).
1791238898	wizinfo	60	Hermie made Alaric titanic through BUFF (temporary).
1791238902	wizinfo	60	 traveled to King Arthur via the earth. [Room: 770]
1791240801	wizinfo	60	Hermie empowered Alaric through BUFF (temporary).
1791240801	wizinfo	60	Hermie made Alaric titanic through BUFF (temporary).
1791243122	wizinfo	60	Hermie empowered Alaric through BUFF (temporary).
1791243122	wizinfo	60	Hermie made Alaric titanic through BUFF (temporary).
1791245693	wizinfo	50	Alaric has lost his link.
1791245694	wizinfo	62	Automated backup complete.
1791245694	wizinfo	62	Daily backup complete.
1791245778	wizinfo	60	Alaric@208.126.22.104 has connected.
1791245779	wizinfo	50	Alaric has entered the game.
1791247508	info	0	Alaric is now a hero!
1791247508	wizinfo	60	Alaric is now a hero!
1791247523	wizinfo	60	Hermie empowered Alaric through BUFF (temporary).
1791247523	wizinfo	60	Hermie made Alaric titanic through BUFF (temporary).
1791248125	info	0	Alaric has reached the next level of Heroism!!
1791248125	wizinfo	60	Alaric has reached the next level of Heroism!!
1791249324	wizinfo	60	Hermie empowered Alaric through BUFF (temporary).
1791249324	wizinfo	60	Hermie made Alaric titanic through BUFF (temporary).
1791250267	info	0	Alaric has reached the next level of Heroism!!
1791250267	wizinfo	60	Alaric has reached the next level of Heroism!!
1791251032	wizinfo	53	Alaric has left the game (1h 27m).
1791257110	wizinfo	60	New Object Trap: A Silver Chest [Vnum: 25017]
1791260169	wizinfo	62	Automated backup complete.
1791274588	wizinfo	62	Automated backup complete.
1791284427	wizinfo	60	Alaric@208.126.22.104 has connected.
1791284428	wizinfo	53	Alaric has entered the game.
1791284609	wizinfo	60	 traveled to the white mistress via the earth. [Room: 1828]
1791284632	wizinfo	53	Alaric has left the game (3m).
1791285494	wizinfo	60	Alaric@208.126.22.104 has connected.
1791285495	wizinfo	53	Alaric has entered the game.
1791288994	wizinfo	62	Automated backup complete.
1791292965	wizinfo	60	New Object Trap: a wooden chest [Vnum: 7910]
1791296919	wizinfo	60	Eclipse@97.248.95.144 has connected.
1791296921	wizinfo	70	Eclipse has entered the game.
1791299809	wizinfo	70	Eclipse has lost his link.
1791299817	wizinfo	70	Eclipse@97.248.95.144 has reconnected.
1791299820	wizinfo	60	Oracle: Eclipse prayed from room 9988 (Eclipse's Seat of Power.) and entered her sanctum.
1791300213	wizinfo	60	Oracle: Eclipse prayed from room 9988 (Eclipse's Seat of Power.) and entered her sanctum.
1791300477	wizinfo	60	Oracle: Eclipse prayed from room 9988 (Eclipse's Seat of Power.) and entered her sanctum.
1791300536	wizinfo	60	Oracle: Eclipse prayed from room 9988 (Eclipse's Seat of Power.) and entered her sanctum.
1791300741	wizinfo	60	Oracle: Alaric prayed from room 4207 (Before the Altar.) and entered her sanctum.
1791303418	wizinfo	70	Eclipse has lost his link.
1791303434	wizinfo	62	Automated backup complete.
1791306073	wizinfo	53	Alaric has lost his link.
1791306074	wizinfo	62	Automated backup complete.
1791306074	wizinfo	62	Daily backup complete.
1791308643	wizinfo	62	Automated backup complete.
1791308643	wizinfo	62	Daily backup complete.
1791309722	wizinfo	62	Automated backup complete.
1791309722	wizinfo	62	Daily backup complete.
1791314023	wizinfo	62	Automated backup complete.
1791314023	wizinfo	62	Daily backup complete.
1791323845	wizinfo	60	Alaric@208.126.22.104 has connected.
1791323845	wizinfo	53	Alaric has entered the game.
1791323864	wizinfo	60	Hermie empowered Alaric through BUFF (temporary).
1791323864	wizinfo	60	Hermie made Alaric titanic through BUFF (temporary).
1791324225	info	0	Alaric is now a Knight of the Realms!!!
1791324225	wizinfo	60	Alaric is now a Knight of the Realms!!!
1791324338	wizinfo	60	Farslayer@pool-71-117-172-247.prvdri.fios.verizon.net has connected.
1791324339	wizinfo	3	Farslayer has entered the game.
1791324437	wizinfo	54	Alaric has left the game (9m).
1791324610	wizinfo	60	Hermie empowered Farslayer through BUFF (temporary).
1791324610	wizinfo	60	Hermie made Farslayer titanic through BUFF (temporary).
1791324682	wizinfo	3	Farslayer has left the game (5m).
1791328434	wizinfo	62	Automated backup complete.
1791329203	wizinfo	60	Alaric@208.126.22.104 has connected.
1791329204	wizinfo	54	Alaric has entered the game.
1791329253	wizinfo	60	 traveled to A sheep via the earth. [Room: 17135]
1791330453	wizinfo	60	Hermie empowered Alaric through BUFF (temporary).
1791330453	wizinfo	60	Hermie made Alaric titanic through BUFF (temporary).
1791332328	wizinfo	60	Hermie empowered Alaric through BUFF (temporary).
1791332328	wizinfo	60	Hermie made Alaric titanic through BUFF (temporary).
1791332623	wizinfo	54	Alaric has left the game (56m).
1791333170	wizinfo	60	Alaric@208.126.22.104 has connected.
1791333170	wizinfo	54	Alaric has entered the game.
1791334804	wizinfo	60	Hermie empowered Alaric through BUFF (temporary).
1791334804	wizinfo	60	Hermie made Alaric titanic through BUFF (temporary).
1791334851	wizinfo	54	Alaric has left the game (28m).
1791335784	wizinfo	60	Alaric@208.126.22.104 has connected.
1791335785	wizinfo	54	Alaric has entered the game.
1791336542	wizinfo	54	Alaric has left the game (12m).
1791342892	wizinfo	62	Automated backup complete.
1791347311	wizinfo	60	New Object Trap: the desk [Vnum: 5225]
1791353738	wizinfo	60	New Object Trap: the glass cabinet [Vnum: 5227]
1791357293	wizinfo	62	Automated backup complete.
1791358366	wizinfo	60	New Object Trap: a bronze chest [Vnum: 24123]
1791358864	wizinfo	60	New Object Trap: the glass cabinet [Vnum: 5227]
1791367039	wizinfo	60	New Trap: [Room: 2398]
1791371702	wizinfo	62	Automated backup complete.
1791374001	wizinfo	60	New Object Trap: an iron bound chest [Vnum: 5023]
1791375729	wizinfo	60	Alaric@208.127.191.100 has connected.
1791375730	wizinfo	54	Alaric has entered the game.
1791375949	wizinfo	54	Alaric has left the game (3m).
1791381001	wizinfo	60	Eclipse@97.248.95.144 has connected.
1791381008	wizinfo	70	Eclipse has entered the game.
1791381116	wizinfo	60	Oracle: Eclipse prayed from room 4207 (Before the Altar.) and entered her sanctum.
1791381160	wizinfo	60	Callista@97.248.95.144 has connected.
1791381160	wizinfo	60	Callista shares an address with Eclipse: 2 players on from 97.248.95.144.
1791381161	wizinfo	4	Callista has entered the game.
1791381196	wizinfo	60	Oracle: Callista prayed from room 3718 (The Store in Mud School) and entered her sanctum.
1791381443	wizinfo	4	Callista has lost her link.
1791381443	wizinfo	4	Callista@97.248.95.144 has reconnected.
1791381443	wizinfo	60	Callista shares an address with Eclipse: 2 players on from 97.248.95.144.
1791381609	wizinfo	4	Callista has left the game (7m).
1791382918	wizinfo	70	Eclipse has lost his link.
1791382929	wizinfo	70	Eclipse@97.248.95.144 has reconnected.
1791383712	wizinfo	70	Eclipse has lost his link.
1791383712	wizinfo	70	Eclipse@144.sub-97-248-95.myvzw.com has reconnected.
1791383768	wizinfo	70	Eclipse has left the game (46m).
1791383791	wizinfo	60	Callista@144.sub-97-248-95.myvzw.com has connected.
1791383792	wizinfo	4	Callista has entered the game.
1791383846	wizinfo	4	Callista has left the game (54s).
1791383855	wizinfo	60	Eclipse@97.248.95.144 has connected.
1791383857	wizinfo	70	Eclipse has entered the game.
1791386139	wizinfo	62	Automated backup complete.
1791386303	wizinfo	60	 70} Elrond  Valhalla has been struck by an earthquake.
1791386310	wizinfo	60	 70} Elrond  Valhalla is still suffering from an earthquake.
1791386316	wizinfo	60	 70} Elrond  Valhalla is still suffering from an earthquake.
1791386324	wizinfo	60	 70} Elrond  Valhalla is still suffering from an earthquake.
1791386331	wizinfo	60	 70} Elrond  Valhalla is still suffering from an earthquake.
1791386337	wizinfo	60	 70} Elrond  Valhalla is no longer a disaster area.
1791388000	wizinfo	70	Eclipse has lost his link.
1791396130	wizinfo	60	Alaric@208.127.191.100 has connected.
1791396130	wizinfo	54	Alaric has entered the game.
1791396364	wizinfo	54	Alaric has left the game (3m).
1791400432	wizinfo	62	Daily backup complete.
1791400588	wizinfo	62	Automated backup complete.
1791401401	wizinfo	60	New Object Trap: book cabinet [Vnum: 20539]
1791405576	wizinfo	60	New Object Trap: a bronze chest [Vnum: 24123]
1791409147	wizinfo	60	Alaric@208.126.22.104 has connected.
1791409147	wizinfo	54	Alaric has entered the game.
1791409546	wizinfo	54	Alaric has left the game (6m).
1791413996	wizinfo	60	Trentlin@24.2.118.125 has connected.
1791414001	wizinfo	7	Trentlin has entered the game.
1791414077	wizinfo	65	Trentlin has been touched by an angel.
1791414097	wizinfo	7	Trentlin has left the game (1m).
1791414293	wizinfo	60	Trentlin@c-24-2-118-125.hsd1.pa.comcast.net has connected.
1791414294	wizinfo	7	Trentlin has entered the game.
1791414384	wizinfo	7	Trentlin has left the game (1m).
1791414426	wizinfo	60	Trentlin@c-24-2-118-125.hsd1.pa.comcast.net has connected.
1791414428	wizinfo	7	Trentlin has entered the game.
1791414504	info	0	Trentlin has achieved level 8!
1791414504	wizinfo	60	Trentlin has achieved level 8!
1791414685	wizinfo	60	Trentlin killed by a sheriff at 1109
1791414689	wizinfo	65	Trentlin has been touched by an angel.
